"Fecha","Cierre","Apertura","Maximo","Minimo","Vol.","% var."
"21.05.2025","13.070","12.920","13.090","12.900","4.56M","0.62%"
"20.05.2025","12.990","12.800","13.000","12.800","1.06M","1.01%"
"19.05.2025","12.860","12.830","12.990","12.750","4.10M","0.70%"
"16.05.2025","12.770","12.670","12.840","12.600","2.04M","0.95%"
"15.05.2025","12.650","12.750","12.750","12.590","1.24M","-0.32%"
"14.05.2025","12.690","12.680","12.790","12.530","961.52K","-0.47%"
"13.05.2025","12.750","12.650","12.800","12.490","2.08M","1.27%"
"12.05.2025","12.590","12.680","12.750","12.520","713.89K","-1.25%"
"09.05.2025","12.750","12.630","12.900","12.250","2.69M","0.39%"
"08.05.2025","12.700","12.300","12.990","12.170","4.56M","3.25%"
"07.05.2025","12.300","12.180","12.470","12.120","3.17M","0.99%"
"06.05.2025","12.180","12.120","12.370","12.000","1.07M","-1.62%"
"05.05.2025","12.380","12.420","12.500","12.250","660.09K","1.14%"
"02.05.2025","12.240","12.150","12.440","12.000","1.09M","1.75%"
"30.04.2025","12.030","12.000","12.100","11.860","2.91M","0.33%"
"29.04.2025","11.990","12.240","12.240","11.950","831.50K","-1.00%"
"28.04.2025","12.111","12.111","12.160","12.091","923.74K","0.08%"
"25.04.2025","12.101","11.922","12.111","11.922","935.81K","1.08%"
"24.04.2025","11.972","11.614","12.111","11.605","1.54M","2.99%"
"23.04.2025","11.624","11.714","11.753","11.565","2.30M","-0.34%"
"22.04.2025","11.664","11.843","11.922","11.644","1.92M","-2.31%"
"21.04.2025","11.940","11.950","12.150","11.910","1.14M","-0.42%"
"16.04.2025","11.990","11.950","12.010","11.880","1.11M","0.50%"
"15.04.2025","11.930","12.000","12.000","11.890","690.20K","0.00%"
"14.04.2025","11.930","11.920","12.000","11.900","1.65M","-0.33%"
"11.04.2025","11.970","12.000","12.080","11.900","985.25K","-0.42%"
"10.04.2025","12.020","11.750","12.150","11.750","1.77M","0.84%"
"09.04.2025","11.920","11.810","12.000","11.750","690.90K","0.08%"
"08.04.2025","11.910","12.100","12.120","11.800","1.30M","-1.49%"
"07.04.2025","12.090","11.920","12.150","11.800","1.10M","1.43%"
"04.04.2025","11.920","12.170","12.200","11.850","1.73M","-2.53%"
"03.04.2025","12.230","12.020","12.250","11.920","2.50M","1.66%"
"02.04.2025","12.030","11.880","12.090","11.880","1.72M","1.18%"
"01.04.2025","11.890","11.780","12.120","11.750","6.20M","1.02%"
"31.03.2025","11.770","11.940","11.950","11.750","964.47K","-1.34%"
"28.03.2025","11.930","12.000","12.070","11.840","1.86M","0.68%"
"27.03.2025","11.850","11.970","12.090","11.840","2.21M","-0.59%"
"26.03.2025","11.920","11.910","12.000","11.850","2.99M","0.08%"
"25.03.2025","11.910","11.800","12.100","11.700","1.57M","0.93%"
"24.03.2025","11.800","11.850","11.990","11.780","1.19M","-1.58%"
"21.03.2025","11.990","11.890","12.200","11.800","64.19M","-0.66%"
"20.03.2025","12.070","11.890","12.200","11.890","9.18M","-0.08%"
"19.03.2025","12.080","11.800","12.150","11.800","9.55M","1.34%"
"18.03.2025","11.920","11.510","12.250","11.510","9.57M","3.11%"
"14.03.2025","11.560","11.260","11.600","11.110","1.39M","2.30%"
"13.03.2025","11.300","11.000","11.310","10.950","5.09M","2.17%"
"12.03.2025","11.060","11.040","11.140","10.950","2.37M","0.55%"
"11.03.2025","11.000","10.840","11.150","10.830","1.90M","-0.10%"
"10.03.2025","11.011","11.110","11.140","10.981","1.77M","-0.90%"
"07.03.2025","11.110","11.070","11.249","11.001","1.04M","1.09%"
"06.03.2025","10.991","10.951","11.120","10.951","1.49M","0.36%"
"05.03.2025","10.951","11.130","11.130","10.901","961.82K","-0.63%"
"04.03.2025","11.020","11.110","11.289","10.881","1.65M","-1.52%"
"03.03.2025","11.190","11.200","11.340","11.030","2.84M","0.27%"
"28.02.2025","11.160","11.100","11.290","10.940","3.84M","1.27%"
"27.02.2025","11.020","10.880","11.200","10.800","645.11K","0.82%"
"26.02.2025","10.931","10.881","11.000","10.781","830.05K","-0.09%"
"25.02.2025","10.940","11.120","11.120","10.811","1.28M","-2.14%"
"24.02.2025","11.179","10.911","11.299","10.901","1.67M","1.91%"
"21.02.2025","10.970","10.861","11.040","10.851","1.60M","1.38%"
"20.02.2025","10.821","10.652","10.851","10.602","14.44M","1.97%"
"19.02.2025","10.612","10.672","10.702","10.552","1.01M","-0.56%"
"18.02.2025","10.672","10.662","10.791","10.622","1.22M","-0.09%"
"17.02.2025","10.682","10.672","10.741","10.622","462.14K","0.09%"
"14.02.2025","10.672","10.702","10.751","10.602","661.57K","0.19%"
"13.02.2025","10.652","10.672","10.801","10.592","987.26K","-0.28%"
"12.02.2025","10.682","10.642","10.702","10.502","1.51M","0.56%"
"11.02.2025","10.622","10.741","10.741","10.552","720.94K","-0.74%"
"10.02.2025","10.702","10.801","10.801","10.652","731.63K","-0.46%"
"07.02.2025","10.751","10.522","10.821","10.512","813.84K","1.60%"
"06.02.2025","10.582","10.592","10.721","10.532","1.03M","-0.19%"
"05.02.2025","10.602","10.702","10.791","10.592","1.06M","-0.93%"
"04.02.2025","10.702","10.602","10.731","10.502","8.85M","0.94%"
"31.01.2025","10.602","10.612","10.931","10.473","1.09M","0.00%"
"30.01.2025","10.602","10.592","10.672","10.473","1.63M","0.04%"
"29.01.2025","10.597","10.578","10.696","10.518","1.15M","0.66%"
"28.01.2025","10.528","10.449","10.558","10.399","831.77K","0.95%"
"27.01.2025","10.429","10.370","10.528","10.310","971.06K","0.86%"
"24.01.2025","10.340","10.370","10.498","10.290","1.48M","0.00%"
"23.01.2025","10.340","10.350","10.419","10.251","1.14M","-0.38%"
"22.01.2025","10.379","10.300","10.488","10.221","1.49M","1.16%"
"21.01.2025","10.261","10.290","10.360","10.201","928.95K","0.19%"
"20.01.2025","10.241","10.290","10.409","10.221","731.88K","0.00%"
"17.01.2025","10.241","10.419","10.469","10.211","772.11K","-1.24%"
"16.01.2025","10.370","10.607","10.617","10.350","1.70M","-1.78%"
"15.01.2025","10.558","10.558","10.637","10.488","857.28K","0.00%"
"14.01.2025","10.558","10.627","10.687","10.538","575.30K","-0.09%"
"13.01.2025","10.568","10.706","10.845","10.548","661.79K","-1.48%"
"10.01.2025","10.726","10.776","10.924","10.706","1.75M","-0.18%"
"09.01.2025","10.746","10.786","10.894","10.696","315.11K","-0.28%"
"08.01.2025","10.776","10.904","10.914","10.706","463.79K","-0.82%"
"07.01.2025","10.865","10.924","10.994","10.597","901.82K","-0.09%"
"06.01.2025","10.875","10.825","10.974","10.795","3.29M","0.92%"
"03.01.2025","10.776","10.855","10.954","10.647","817.62K","-1.27%"
"02.01.2025","10.914","10.518","10.974","10.518","2.26M","2.04%"
"31.12.2024","10.696","10.726","10.736","10.508","409.99K","1.50%"
"30.12.2024","10.538","10.518","10.607","10.459","3.61M","0.19%"
"27.12.2024","10.518","10.568","10.637","10.488","513.24K","-0.65%"
"26.12.2024","10.587","10.607","10.736","10.528","772.18K","0.77%"
"24.12.2024","10.507","10.684","10.734","10.457","356.67K","-2.02%"
"23.12.2024","10.724","10.724","10.862","10.605","478.61K","-0.82%"
"20.12.2024","10.813","11.030","11.099","10.625","6.23M","-0.45%"
"19.12.2024","10.862","10.842","11.049","10.803","672.25K","-1.26%"
"18.12.2024","11.000","11.168","11.197","10.862","2.09M","-0.98%"
"17.12.2024","11.109","10.951","11.207","10.803","1.91M","1.17%"
"16.12.2024","10.980","10.852","11.099","10.753","937.37K","1.27%"
"13.12.2024","10.842","10.773","10.882","10.753","1.01M","0.09%"
"11.12.2024","10.832","10.753","10.842","10.655","668.02K","2.23%"
"10.12.2024","10.596","10.684","10.872","10.457","2.63M","-1.29%"
"09.12.2024","10.734","10.536","10.803","10.507","1.70M","1.40%"
"06.12.2024","10.586","10.467","10.596","10.457","1.57M","0.85%"
"05.12.2024","10.497","10.359","10.527","10.240","1.28M","1.33%"
"04.12.2024","10.359","10.260","10.457","10.161","1.98M","1.16%"
"03.12.2024","10.240","10.211","10.329","10.112","1.40M","0.78%"
"02.12.2024","10.161","10.013","10.379","9.964","3.40M","1.38%"
"29.11.2024","10.023","10.063","10.191","10.004","566.73K","0.10%"
"28.11.2024","10.013","10.142","10.221","9.984","491.34K","-0.48%"
"27.11.2024","10.062","10.268","10.376","10.032","1.13M","-1.54%"
"26.11.2024","10.219","10.366","10.386","10.189","1.19M","-0.95%"
"25.11.2024","10.317","10.356","10.818","10.219","2.52M","0.00%"
"22.11.2024","10.317","10.376","10.415","10.268","473.38K","-0.76%"
"21.11.2024","10.396","10.366","10.435","10.307","4.26M","0.28%"
"20.11.2024","10.366","10.464","10.553","10.317","665.11K","-1.03%"
"19.11.2024","10.474","10.337","10.533","10.278","759.89K","1.33%"
"15.11.2024","10.337","10.317","10.513","10.268","2.02M","-0.09%"
"14.11.2024","10.346","10.268","10.435","10.179","1.39M","1.25%"
"13.11.2024","10.219","10.425","10.425","10.199","885.65K","-1.52%"
"12.11.2024","10.376","10.415","10.513","10.356","817.61K","-0.28%"
"11.11.2024","10.405","10.405","10.494","10.376","484.15K","0.00%"
"08.11.2024","10.405","10.287","10.464","10.287","648.96K","0.86%"
"07.11.2024","10.317","10.504","10.504","10.297","585.95K","-1.32%"
"06.11.2024","10.455","10.366","10.474","10.238","959.51K","0.19%"
"05.11.2024","10.435","10.317","10.504","10.307","2.58M","1.14%"
"04.11.2024","10.317","10.317","10.415","10.268","616.45K","-0.38%"
"01.11.2024","10.356","10.179","10.405","10.150","3.14M","1.84%"
"31.10.2024","10.170","10.229","10.317","10.150","263.79K","-0.48%"
"30.10.2024","10.219","10.346","10.346","10.091","548.99K","-1.22%"
"29.10.2024","10.345","10.238","10.472","10.101","696.14K","0.96%"
"28.10.2024","10.247","10.218","10.326","10.218","1.07M","-0.29%"
"25.10.2024","10.277","10.189","10.326","10.159","1.88M","1.35%"
"24.10.2024","10.140","10.032","10.238","10.003","2.03M","1.07%"
"23.10.2024","10.032","10.101","10.179","9.866","1.33M","-0.19%"
"22.10.2024","10.052","10.208","10.247","9.983","1.67M","-1.06%"
"21.10.2024","10.159","10.277","10.296","10.110","1.06M","-1.24%"
"18.10.2024","10.287","10.238","10.365","10.238","304.56K","0.29%"
"17.10.2024","10.257","10.277","10.375","10.179","615.10K","-0.76%"
"16.10.2024","10.335","10.316","10.375","10.130","1.07M","-0.38%"
"15.10.2024","10.375","10.189","10.394","10.130","1.74M","1.53%"
"14.10.2024","10.218","10.179","10.345","10.179","378.06K","0.10%"
"11.10.2024","10.208","10.198","10.316","10.130","290.14K","0.19%"
"10.10.2024","10.189","10.238","10.365","10.061","535.13K","-0.48%"
"09.10.2024","10.238","10.384","10.472","10.208","713.36K","-0.85%"
"08.10.2024","10.326","10.482","10.561","10.287","435.54K","-1.12%"
"07.10.2024","10.443","10.688","10.698","10.326","1.14M","-2.20%"
"04.10.2024","10.678","10.404","10.766","10.404","1.36M","2.54%"
"03.10.2024","10.414","10.453","10.570","10.384","519.84K","-0.37%"
"02.10.2024","10.453","10.228","10.570","10.179","985.37K","1.71%"
"30.09.2024","10.277","10.208","10.296","10.081","918.92K","1.16%"
"27.09.2024","10.159","10.081","10.228","10.061","622.32K","1.37%"
"26.09.2024","10.022","10.197","10.197","9.964","786.41K","-0.48%"
"25.09.2024","10.071","10.236","10.246","10.022","1.43M","-1.14%"
"24.09.2024","10.187","10.129","10.294","10.012","965.51K","1.16%"
"23.09.2024","10.071","10.012","10.207","9.964","546.94K","0.97%"
"20.09.2024","9.974","10.382","10.449","9.741","1.75M","-4.38%"
"19.09.2024","10.430","10.653","10.653","10.314","517.43K","-2.01%"
"18.09.2024","10.644","10.595","10.712","10.585","383.91K","0.09%"
"17.09.2024","10.634","10.615","10.702","10.556","348.15K","-0.36%"
"13.09.2024","10.673","10.498","10.731","10.498","953.35K","2.42%"
"12.09.2024","10.420","10.624","10.741","10.352","802.29K","-2.45%"
"11.09.2024","10.683","10.314","10.741","10.314","1.56M","3.87%"
"10.09.2024","10.284","10.508","10.702","10.246","698.01K","-2.67%"
"09.09.2024","10.566","10.585","10.712","10.459","2.08M","-0.73%"
"06.09.2024","10.644","10.294","10.692","10.207","2.52M","2.81%"
"05.09.2024","10.352","10.187","10.391","10.051","961.98K","1.72%"
"04.09.2024","10.178","10.061","10.265","9.915","5.29M","0.58%"
"03.09.2024","10.119","10.090","10.158","9.906","1.32M","0.39%"
"02.09.2024","10.080","10.148","10.148","10.051","374.48K","-0.19%"
"30.08.2024","10.100","9.915","10.148","9.857","1.76M","1.27%"
"29.08.2024","9.974","9.789","10.042","9.702","1.34M","3.22%"
"28.08.2024","9.663","9.692","9.827","9.644","749.20K","0.10%"
"27.08.2024","9.653","9.875","9.933","9.644","1.03M","-2.34%"
"26.08.2024","9.884","10.019","10.087","9.846","423.45K","-0.87%"
"23.08.2024","9.971","9.981","10.116","9.836","652.62K","0.10%"
"22.08.2024","9.961","9.923","10.087","9.894","470.53K","0.10%"
"21.08.2024","9.952","10.096","10.154","9.827","2.80M","-1.05%"
"20.08.2024","10.058","10.414","10.520","10.019","1.17M","-3.69%"
"19.08.2024","10.443","10.559","10.626","10.308","2.05M","-1.45%"
"16.08.2024","10.597","10.646","10.646","10.501","477.10K","-0.18%"
"15.08.2024","10.617","10.347","10.694","10.318","1.77M","2.80%"
"14.08.2024","10.328","10.202","10.356","10.164","1.07M","0.66%"
"13.08.2024","10.260","10.116","10.308","10.096","756.96K","1.04%"
"12.08.2024","10.154","10.087","10.202","9.933","407.03K","0.09%"
"09.08.2024","10.145","10.125","10.154","10.000","448.13K","-0.28%"
"08.08.2024","10.173","9.923","10.212","9.884","1.45M","2.82%"
"07.08.2024","9.894","9.750","9.923","9.538","966.12K","1.68%"
"06.08.2024","9.730","9.682","9.778","9.403","2.72M","0.50%"
"05.08.2024","9.682","9.586","9.711","9.364","1.46M","0.50%"
"02.08.2024","9.634","9.586","9.682","9.441","1.90M","0.91%"
"01.08.2024","9.547","9.268","9.672","9.162","11.92M","3.12%"
"31.07.2024","9.258","9.017","9.287","9.017","1.56M","2.45%"
"30.07.2024","9.037","9.094","9.123","9.008","1.32M","0.53%"
"29.07.2024","8.989","9.075","9.113","8.903","3.37M","-0.53%"
"26.07.2024","9.037","9.094","9.151","8.788","3.50M","-0.11%"
"25.07.2024","9.046","9.276","9.362","9.008","1.42M","-2.07%"
"24.07.2024","9.237","9.362","9.447","9.218","767.79K","-0.72%"
"23.07.2024","9.304","9.304","9.362","9.247","11.90M","0.00%"
"22.07.2024","9.304","9.170","9.419","9.170","355.07K","1.46%"
"19.07.2024","9.170","9.237","9.247","9.008","838.52K","-0.93%"
"18.07.2024","9.256","9.314","9.362","9.170","734.68K","-0.41%"
"17.07.2024","9.295","9.371","9.409","9.266","531.66K","-0.41%"
"16.07.2024","9.333","9.543","9.543","9.285","629.29K","-1.81%"
"15.07.2024","9.505","9.533","9.543","9.467","3.27M","-0.20%"
"12.07.2024","9.524","9.457","9.553","9.419","2.25M","1.12%"
"11.07.2024","9.419","9.409","9.514","9.123","8.71M","-0.40%"
"10.07.2024","9.457","9.228","9.591","9.228","1.12M","2.91%"
"09.07.2024","9.190","9.352","9.381","9.170","1.55M","-1.64%"
"08.07.2024","9.342","9.428","9.505","9.314","536.90K","-0.71%"
"05.07.2024","9.409","9.438","9.533","9.362","615.39K","-0.10%"
"04.07.2024","9.419","9.314","9.457","9.314","231.69K","1.02%"
"03.07.2024","9.323","9.314","9.381","9.276","454.55K","-0.20%"
"02.07.2024","9.342","9.419","9.438","9.314","992.27K","-0.81%"
"01.07.2024","9.419","9.371","9.447","9.352","9.18M","0.92%"
"28.06.2024","9.333","9.457","9.457","9.314","556.75K","-0.10%"
"27.06.2024","9.342","9.476","9.505","9.304","434.17K","-0.38%"
"26.06.2024","9.378","9.520","9.520","9.349","529.87K","-1.20%"
"25.06.2024","9.492","9.605","9.643","9.463","702.67K","-0.99%"
"24.06.2024","9.586","9.795","9.795","9.463","726.12K","-2.13%"
"21.06.2024","9.795","9.387","9.890","9.330","3.06M","4.55%"
"20.06.2024","9.368","9.425","9.425","9.349","244.19K","0.00%"
"19.06.2024","9.368","9.330","9.416","9.330","790.94K","0.41%"
"18.06.2024","9.330","9.387","9.473","9.330","498.93K","-0.40%"
"17.06.2024","9.368","9.368","9.492","9.311","876.61K","0.10%"
"14.06.2024","9.359","9.463","9.567","9.340","1.21M","-1.20%"
"13.06.2024","9.473","9.482","9.549","9.340","3.76M","0.30%"
"12.06.2024","9.444","9.482","9.501","9.416","1.22M","-0.50%"
"11.06.2024","9.492","9.549","9.634","9.444","811.69K","-0.60%"
"10.06.2024","9.549","9.530","9.643","9.530","678.80K","0.30%"
"07.06.2024","9.520","9.719","9.719","9.492","971.72K","-1.28%"
"06.06.2024","9.643","9.767","9.786","9.615","991.66K","-1.26%"
"05.06.2024","9.767","9.672","9.823","9.624","1.16M","0.59%"
"04.06.2024","9.710","9.605","9.861","9.567","969.70K","0.79%"
"03.06.2024","9.634","9.852","9.852","9.567","2.05M","-2.21%"
"31.05.2024","9.852","9.710","10.051","9.634","1.94M","1.46%"
"30.05.2024","9.710","9.691","9.833","9.634","2.09M","0.20%"
"29.05.2024","9.691","9.861","9.861","9.634","3.38M","-1.73%"
"28.05.2024","9.861","9.776","9.899","9.776","1.15M","-0.19%"
"27.05.2024","9.880","9.861","9.975","9.842","237.04K","-1.04%"
"24.05.2024","9.985","10.004","10.098","9.909","2.31M","-0.28%"
"23.05.2024","10.013","9.814","10.136","9.767","2.16M","1.83%"
"22.05.2024","9.833","9.634","9.890","9.615","1.68M","2.27%"
"21.05.2024","9.615","9.833","9.833","9.577","1.02M","-2.12%"
"20.05.2024","9.823","9.975","9.975","9.786","389.37K","-1.24%"
"17.05.2024","9.947","9.880","10.317","9.786","550.08K","1.55%"
"16.05.2024","9.795","9.767","9.890","9.710","1.42M","0.19%"
"15.05.2024","9.776","9.539","9.966","9.520","32.24M","2.79%"
"14.05.2024","9.511","9.605","9.615","9.482","568.20K","-0.79%"
"13.05.2024","9.586","9.586","9.653","9.530","676.89K","0.30%"
"10.05.2024","9.558","9.624","9.624","9.511","3.92M","-0.59%"
"09.05.2024","9.615","9.549","9.634","9.463","3.78M","0.80%"
"08.05.2024","9.539","9.530","9.577","9.454","1.43M","-0.10%"
"07.05.2024","9.549","9.700","9.757","9.492","1.88M","-1.47%"
"06.05.2024","9.691","9.805","9.823","9.605","1.28M","-1.06%"
"03.05.2024","9.795","9.757","9.861","9.624","3.02M","0.58%"
"02.05.2024","9.738","9.643","9.823","9.586","2.05M","1.18%"
"30.04.2024","9.624","9.956","10.042","9.473","1.97M","-3.24%"
"29.04.2024","9.947","9.672","10.004","9.624","2.42M","2.84%"
"26.04.2024","9.672","9.672","9.757","9.577","2.05M","0.20%"
"25.04.2024","9.653","9.615","9.767","9.482","2.35M","1.80%"
"24.04.2024","9.482","9.435","9.539","9.292","14.35M","0.91%"
"23.04.2024","9.397","9.482","9.558","9.368","3.69M","0.10%"
"22.04.2024","9.387","9.549","9.748","9.359","1.98M","-1.49%"
"19.04.2024","9.530","9.757","9.871","9.492","1.51M","-2.24%"
"18.04.2024","9.748","10.051","10.051","9.700","2.15M","-2.56%"
"17.04.2024","10.004","10.061","10.146","9.871","1.01M","-0.47%"
"16.04.2024","10.051","10.288","10.392","9.966","1.53M","-2.30%"
"15.04.2024","10.288","10.430","10.487","10.260","958.86K","-1.36%"
"12.04.2024","10.430","10.430","10.497","10.383","6.12M","0.00%"
"11.04.2024","10.430","10.326","10.497","10.288","9.56M","1.10%"
"10.04.2024","10.317","10.601","10.734","10.146","12.80M","-2.42%"
"09.04.2024","10.573","10.686","10.791","10.573","4.54M","-0.89%"
"08.04.2024","10.667","10.677","10.791","10.667","901.59K","-0.09%"
"05.04.2024","10.677","10.696","10.791","10.667","872.81K","0.00%"
"04.04.2024","10.677","10.791","10.819","10.667","1.27M","-0.44%"
"03.04.2024","10.724","10.705","10.857","10.705","381.38K","0.18%"
"02.04.2024","10.705","10.734","10.810","10.667","3.71M","-0.18%"
"01.04.2024","10.724","10.819","10.867","10.715","4.28M","-0.88%"
"27.03.2024","10.819","10.829","10.857","10.810","1.70M","0.09%"
"26.03.2024","10.810","10.762","10.838","10.715","4.30M","0.80%"
"25.03.2024","10.724","10.753","10.848","10.715","1.62M","-0.26%"
"22.03.2024","10.753","10.762","10.952","10.715","7.39M","0.00%"
"21.03.2024","10.753","10.658","10.838","10.573","4.83M","1.34%"
"20.03.2024","10.611","10.516","10.715","10.430","6.64M","1.45%"
"19.03.2024","10.459","11.066","11.066","10.392","19.71M","-3.75%"
"15.03.2024","10.867","11.530","11.530","10.762","14.38M","-6.07%"
"14.03.2024","11.568","11.559","11.663","11.483","409.47K","0.08%"
"13.03.2024","11.559","11.654","11.691","11.530","436.32K","-1.06%"
"12.03.2024","11.682","11.568","11.691","11.464","1.22M","0.98%"
"11.03.2024","11.568","11.540","11.587","11.407","719.93K","0.25%"
"08.03.2024","11.540","11.454","11.597","11.426","528.05K","0.66%"
"07.03.2024","11.464","11.568","11.644","11.416","320.70K","-0.90%"
"06.03.2024","11.568","11.379","11.654","11.379","2.34M","-0.97%"
"05.03.2024","11.682","11.464","11.720","11.454","1.37M","1.82%"
"04.03.2024","11.473","11.198","11.597","11.198","497.82K","1.85%"
"01.03.2024","11.265","11.227","11.578","11.132","1.16M","0.08%"
"29.02.2024","11.255","11.274","11.483","10.999","491.30K","1.61%"
"28.02.2024","11.077","11.207","11.235","10.965","361.75K","-1.16%"
"27.02.2024","11.207","10.993","11.291","10.872","1.62M","1.01%"
"26.02.2024","11.095","11.226","11.235","11.086","247.16K","-1.73%"
"23.02.2024","11.291","11.086","11.319","11.086","322.42K","1.42%"
"22.02.2024","11.133","11.086","11.226","10.993","2.00M","-0.08%"
"21.02.2024","11.142","11.272","11.272","11.040","172.57K","-1.16%"
"20.02.2024","11.272","11.170","11.282","11.077","2.04M","0.92%"
"19.02.2024","11.170","11.245","11.263","11.151","102.75K","-0.66%"
"16.02.2024","11.245","11.282","11.384","11.151","310.38K","-0.49%"
"15.02.2024","11.300","11.412","11.431","11.226","777.70K","-1.14%"
"14.02.2024","11.431","11.477","11.524","11.347","1.65M","-0.41%"
"13.02.2024","11.477","11.245","11.496","11.179","815.61K","2.07%"
"12.02.2024","11.245","11.366","11.459","11.226","141.98K","-2.43%"
"09.02.2024","11.524","11.552","11.561","11.310","2.09M","-0.24%"
"08.02.2024","11.552","11.589","11.599","11.319","958.15K","0.00%"
"07.02.2024","11.552","11.422","11.589","11.282","1.82M","0.98%"
"06.02.2024","11.440","11.189","11.459","11.179","450.91K","0.24%"
"02.02.2024","11.412","11.319","11.449","11.319","453.02K","0.91%"
"01.02.2024","11.310","11.300","11.412","11.151","461.21K","0.08%"
"31.01.2024","11.300","11.198","11.356","11.161","181.31K","0.83%"
"30.01.2024","11.207","11.207","11.319","11.123","2.60M","0.00%"
"29.01.2024","11.207","11.235","11.375","10.714","942.78K","-0.33%"
"26.01.2024","11.245","11.310","11.366","11.142","948.50K","-0.90%"
"25.01.2024","11.347","11.179","11.412","11.151","1.01M","1.50%"
"24.01.2024","11.179","11.263","11.272","11.161","1.36M","-0.50%"
"23.01.2024","11.235","11.310","11.310","11.179","225.32K","-0.66%"
"22.01.2024","11.310","11.235","11.356","11.012","797.77K","0.41%"
"19.01.2024","11.263","11.235","11.366","11.207","247.41K","0.25%"
"18.01.2024","11.235","11.375","11.422","11.179","311.24K","-0.90%"
"17.01.2024","11.338","11.226","11.412","11.170","586.65K","1.00%"
"16.01.2024","11.226","11.319","11.356","11.217","1.58M","-0.50%"
"15.01.2024","11.282","11.347","11.375","11.189","859.35K","-0.74%"
"12.01.2024","11.366","11.151","11.403","11.151","1.14M","1.92%"
"11.01.2024","11.151","11.272","11.310","11.114","265.70K","-0.58%"
"10.01.2024","11.217","11.300","11.300","11.179","241.64K","-0.74%"
"09.01.2024","11.300","11.412","11.412","11.226","243.98K","-0.98%"
"08.01.2024","11.412","11.403","11.431","11.338","545.20K","0.08%"
"05.01.2024","11.403","11.300","11.412","11.179","1.05M","0.82%"
"04.01.2024","11.310","11.384","11.431","11.235","1.29M","-0.65%"
"03.01.2024","11.384","11.449","11.449","11.179","350.86K","-0.41%"
"02.01.2024","11.431","11.431","11.477","11.347","355.88K","0.00%"
"29.12.2023","11.431","11.496","11.496","11.319","680.35K","-0.57%"
"28.12.2023","11.496","11.095","11.561","11.086","1.81M","2.75%"
"27.12.2023","11.189","11.086","11.207","11.086","393.80K","-0.50%"
"26.12.2023","11.245","11.086","11.338","11.040","722.09K","1.17%"
"22.12.2023","11.114","11.040","11.133","10.993","302.60K","0.68%"
"21.12.2023","11.040","10.909","11.058","10.760","541.99K","1.54%"
"20.12.2023","10.872","10.881","10.900","10.620","253.65K","0.00%"
"19.12.2023","10.872","10.900","10.965","10.779","406.31K","-0.17%"
"18.12.2023","10.891","10.816","10.900","10.704","125.21K","0.69%"
"15.12.2023","10.816","10.499","10.965","10.415","953.58K","3.38%"
"14.12.2023","10.462","10.443","10.499","10.425","1.34M","0.72%"
"13.12.2023","10.387","10.499","10.499","10.266","256.50K","-1.06%"
"11.12.2023","10.499","10.574","10.574","10.434","106.47K","-0.70%"
"08.12.2023","10.574","10.360","10.592","10.341","259.24K","1.89%"
"07.12.2023","10.378","10.397","10.415","10.182","746.09K","2.20%"
"06.12.2023","10.155","10.266","10.313","10.136","184.14K","-0.82%"
"05.12.2023","10.238","10.332","10.397","10.108","410.63K","-0.99%"
"04.12.2023","10.341","10.322","10.341","10.248","280.96K","0.18%"
"01.12.2023","10.322","10.248","10.387","10.155","298.24K","1.00%"
"30.11.2023","10.220","10.061","10.248","9.903","144.41K","0.64%"
"29.11.2023","10.155","9.763","10.248","9.754","762.22K","4.11%"
"28.11.2023","9.754","10.238","10.238","9.735","550.96K","-4.73%"
"27.11.2023","10.238","10.220","10.453","10.201","2.35M","-0.45%"
"24.11.2023","10.285","10.518","10.518","10.108","1.01M","-0.36%"
"23.11.2023","10.322","10.248","10.527","10.248","843.66K","-0.54%"
"22.11.2023","10.378","10.201","10.387","10.192","521.31K","1.55%"
"21.11.2023","10.220","10.005","10.238","10.005","574.22K","2.05%"
"17.11.2023","10.015","9.912","10.071","9.884","707.98K","0.94%"
"16.11.2023","9.922","9.689","9.940","9.679","1.39M","1.91%"
"15.11.2023","9.735","9.801","9.884","9.596","411.04K","0.10%"
"14.11.2023","9.726","9.745","9.987","9.717","432.98K","-0.19%"
"13.11.2023","9.745","9.558","9.782","9.558","955.97K","1.95%"
"10.11.2023","9.558","9.558","9.596","9.465","500.08K","0.20%"
"09.11.2023","9.540","9.596","9.596","9.474","334.23K","-0.58%"
"08.11.2023","9.596","9.614","9.642","9.502","536.36K","-0.10%"
"07.11.2023","9.605","9.447","9.707","9.437","573.13K","1.58%"
"06.11.2023","9.456","9.866","9.875","9.316","561.71K","-3.79%"
"03.11.2023","9.828","9.773","9.903","9.763","235.47K","0.57%"
"01.11.2023","9.773","9.558","9.819","9.558","224.07K","1.84%"
"31.10.2023","9.596","9.549","9.596","9.549","279.19K","0.49%"
"30.10.2023","9.549","9.828","9.828","9.428","533.40K","-2.84%"
"27.10.2023","9.828","9.745","9.828","9.726","334.67K","0.86%"
"26.10.2023","9.745","9.707","9.791","9.325","139.94K","0.38%"
"25.10.2023","9.707","9.791","9.791","9.679","183.54K","-0.86%"
"24.10.2023","9.791","9.754","9.819","9.735","101.52K","0.38%"
"23.10.2023","9.754","9.763","9.782","9.689","143.34K","-0.10%"
"20.10.2023","9.763","9.791","9.810","9.596","142.04K","0.00%"
"19.10.2023","9.763","9.828","9.912","9.745","135.49K","-0.47%"
"18.10.2023","9.810","9.847","9.968","9.801","279.86K","-0.38%"
"17.10.2023","9.847","9.884","9.987","9.828","184.14K","0.00%"
"16.10.2023","9.847","10.052","10.061","9.782","328.53K","-2.04%"
"13.10.2023","10.052","10.005","10.061","10.005","131.52K","0.47%"
"12.10.2023","10.005","10.015","10.015","9.959","71.73K","0.47%"
"11.10.2023","9.959","10.015","10.061","9.931","200.82K","-0.56%"
"10.10.2023","10.015","10.061","10.061","10.005","119.67K","-0.37%"
"09.10.2023","10.052","10.099","10.108","10.043","98.32K","-0.46%"
"06.10.2023","10.099","10.061","10.145","10.061","103.43K","0.93%"
"05.10.2023","10.005","9.996","10.071","9.987","98.50K","0.00%"
"04.10.2023","10.005","10.024","10.061","9.978","130.31K","0.00%"
"03.10.2023","10.005","9.866","10.071","9.866","234.53K","0.75%"
"02.10.2023","9.931","10.099","10.155","9.866","255.93K","-1.66%"
"29.09.2023","10.099","10.005","10.108","9.996","280.98K","1.40%"
"28.09.2023","9.959","9.931","10.015","9.903","141.93K","0.28%"
"27.09.2023","9.931","9.894","9.987","9.670","367.41K","0.28%"
"26.09.2023","9.903","9.968","10.005","9.856","121.31K","0.09%"
"25.09.2023","9.894","10.033","10.145","9.875","208.64K","-1.39%"
"22.09.2023","10.033","10.071","10.117","9.894","226.29K","-0.37%"
"21.09.2023","10.071","10.117","10.136","10.052","141.57K","-0.55%"
"20.09.2023","10.127","10.108","10.266","10.108","213.31K","0.00%"
"19.09.2023","10.127","10.136","10.201","10.099","107.36K","0.00%"
"18.09.2023","10.127","10.155","10.248","10.108","168.69K","-0.28%"
"15.09.2023","10.155","10.108","10.434","10.061","640.14K","0.65%"
"14.09.2023","10.089","10.229","10.313","10.033","439.25K","-1.28%"
"13.09.2023","10.220","10.527","10.564","10.201","348.43K","-2.92%"
"12.09.2023","10.527","10.313","10.620","10.313","580.57K","2.08%"
"11.09.2023","10.313","10.210","10.341","10.210","224.90K","1.19%"
"08.09.2023","10.192","10.210","10.266","10.155","704.54K","0.09%"
"07.09.2023","10.182","10.182","10.276","10.164","252.16K","0.09%"
"06.09.2023","10.173","10.220","10.285","10.173","230.80K","-0.18%"
"05.09.2023","10.192","10.229","10.248","10.155","284.68K","-0.45%"
"04.09.2023","10.238","10.210","10.276","10.201","212.07K","0.37%"
"01.09.2023","10.201","10.248","10.322","10.201","183.18K","0.00%"
"31.08.2023","10.201","10.285","10.332","10.182","299.76K","-0.82%"
"30.08.2023","10.285","10.322","10.322","10.220","243.61K","-0.27%"
"29.08.2023","10.313","10.425","10.425","10.285","355.24K","-1.16%"
"28.08.2023","10.434","10.397","10.471","10.369","417.23K","0.36%"
"25.08.2023","10.397","10.509","10.527","10.350","251.83K","-0.98%"
"24.08.2023","10.499","10.481","10.620","10.471","365.37K","0.18%"
"23.08.2023","10.481","10.490","10.527","10.434","351.38K","-0.18%"
"22.08.2023","10.499","10.592","10.620","10.434","150.05K","-1.05%"
"21.08.2023","10.611","10.658","10.667","10.602","73.78K","-0.44%"
"18.08.2023","10.658","10.723","10.751","10.620","84.91K","-0.35%"
"17.08.2023","10.695","10.499","10.825","10.499","190.99K","1.95%"
"16.08.2023","10.490","10.648","10.779","10.434","200.87K","-1.31%"
"15.08.2023","10.630","10.667","10.844","10.611","353.46K","-0.17%"
"14.08.2023","10.648","10.686","10.946","10.630","1.15M","-0.35%"
"11.08.2023","10.686","10.583","10.695","10.564","217.72K","1.06%"
"10.08.2023","10.574","10.443","10.592","10.443","249.24K","1.34%"
"09.08.2023","10.434","10.602","10.620","10.387","5.57M","-1.58%"
"08.08.2023","10.602","10.695","10.695","10.583","209.34K","-0.87%"
"07.08.2023","10.695","10.676","10.732","10.667","160.19K","0.17%"
"04.08.2023","10.676","10.648","10.751","10.620","61.09K","0.44%"
"03.08.2023","10.630","10.695","10.788","10.620","213.10K","-0.35%"
"02.08.2023","10.667","10.686","10.714","10.620","229.69K","0.17%"
"01.08.2023","10.648","10.574","10.714","10.527","453.38K","0.53%"
"31.07.2023","10.592","10.695","10.695","10.527","360.71K","-0.96%"
"28.07.2023","10.695","10.686","10.714","10.639","195.63K","0.09%"
"27.07.2023","10.686","10.695","10.835","10.658","256.48K","0.44%"
"26.07.2023","10.639","10.807","10.844","10.574","434.33K","-1.55%"
"25.07.2023","10.807","10.891","10.900","10.788","176.67K","-0.60%"
"24.07.2023","10.872","10.984","10.984","10.695","321.50K","-1.02%"
"21.07.2023","10.984","10.965","10.993","10.946","588.92K","0.26%"
"20.07.2023","10.956","10.965","10.984","10.937","127.63K","-0.08%"
"19.07.2023","10.965","11.049","11.058","10.956","69.19K","-0.76%"
"18.07.2023","11.049","11.077","11.086","10.853","169.57K","-0.25%"
"17.07.2023","11.077","11.086","11.095","10.984","209.15K","-0.17%"
"14.07.2023","11.095","11.086","11.161","10.984","181.05K","0.42%"
"13.07.2023","11.049","10.974","11.086","10.974","110.53K","0.68%"
"12.07.2023","10.974","11.030","11.030","10.956","87.37K","-0.25%"
"11.07.2023","11.002","10.928","11.077","10.928","206.69K","0.60%"
"10.07.2023","10.937","11.030","11.030","10.918","401.17K","-0.93%"
"07.07.2023","11.040","11.049","11.086","11.002","371.48K","0.08%"
"06.07.2023","11.030","11.002","11.086","10.984","534.15K","0.59%"
"05.07.2023","10.965","10.946","11.105","10.891","415.27K","0.09%"
"04.07.2023","10.956","10.984","11.170","10.900","122.44K","-0.25%"
"03.07.2023","10.984","10.974","11.049","10.835","303.94K","0.08%"
"30.06.2023","10.974","10.946","11.040","10.937","421.58K","0.60%"
"29.06.2023","10.909","10.974","11.021","10.853","360.55K","-0.59%"
"28.06.2023","10.974","10.928","11.095","10.928","156.55K","0.43%"
"27.06.2023","10.928","10.965","10.984","10.918","395.62K","-0.34%"
"26.06.2023","10.965","10.928","11.002","10.909","203.69K","0.60%"
"23.06.2023","10.900","10.928","11.040","10.863","190.45K","-0.26%"
"22.06.2023","10.928","10.909","11.002","10.891","249.96K","0.34%"
"21.06.2023","10.891","11.021","11.058","10.863","464.96K","-1.10%"
"20.06.2023","11.012","10.984","11.040","10.974","331.06K","0.34%"
"19.06.2023","10.974","10.900","11.049","10.835","696.19K","0.86%"
"16.06.2023","10.881","11.002","11.068","10.807","10.53M","-1.02%"
"15.06.2023","10.993","11.095","11.105","10.993","372.80K","-0.76%"
"14.06.2023","11.077","11.086","11.123","11.040","260.16K","0.00%"
"13.06.2023","11.077","11.049","11.123","11.021","238.24K","0.25%"
"12.06.2023","11.049","11.133","11.170","10.946","276.66K","-0.75%"
"09.06.2023","11.133","11.179","11.179","10.993","332.13K","-0.33%"
"08.06.2023","11.170","11.179","11.291","11.142","813.65K","-0.17%"
"07.06.2023","11.189","11.151","11.291","11.133","176.00K","0.33%"
"06.06.2023","11.151","11.123","11.161","11.114","322.17K","0.25%"
"05.06.2023","11.123","11.105","11.170","11.086","293.98K","-0.33%"
"02.06.2023","11.161","11.170","11.263","11.095","216.73K","0.00%"
"01.06.2023","11.161","11.049","11.179","11.049","119.81K","0.93%"
"31.05.2023","11.058","11.114","11.179","11.040","145.95K","-0.25%"
"30.05.2023","11.086","11.133","11.161","11.058","404.68K","-0.67%"
"29.05.2023","11.161","11.105","11.179","11.105","89.94K","0.67%"
"26.05.2023","11.086","11.095","11.142","11.040","580.72K","0.08%"
"25.05.2023","11.077","11.086","11.179","11.068","157.66K","-0.08%"
"24.05.2023","11.086","11.179","11.226","10.974","648.56K","-0.83%"
"23.05.2023","11.179","11.095","11.217","11.086","162.27K","0.76%"
"22.05.2023","11.095","11.123","11.235","11.077","183.76K","-0.25%"
"19.05.2023","11.123","11.133","11.235","11.095","151.42K","-0.08%"
"18.05.2023","11.133","11.151","11.198","11.095","235.40K","0.00%"
"17.05.2023","11.133","11.161","11.226","11.123","201.50K","0.00%"
"16.05.2023","11.133","11.235","11.235","11.123","492.10K","-0.83%"
"15.05.2023","11.226","11.235","11.235","11.207","319.33K","-0.17%"
"12.05.2023","11.245","11.347","11.347","11.226","213.95K","-0.82%"
"11.05.2023","11.338","11.347","11.356","11.319","30.61K","-0.08%"
"10.05.2023","11.347","11.347","11.366","11.319","149.65K","0.08%"
"09.05.2023","11.338","11.347","11.347","11.310","134.42K","0.08%"
"08.05.2023","11.328","11.319","11.375","11.319","108.52K","0.08%"
"05.05.2023","11.319","11.328","11.412","11.310","236.20K","0.00%"
"04.05.2023","11.319","11.272","11.412","11.272","144.35K","0.41%"
"03.05.2023","11.272","11.319","11.375","11.189","501.75K","-0.33%"
"02.05.2023","11.310","11.366","11.375","11.291","131.05K","-0.57%"
"28.04.2023","11.375","11.347","11.422","11.319","57.26K","0.58%"
"27.04.2023","11.310","11.328","11.356","11.282","144.51K","-0.25%"
"26.04.2023","11.338","11.412","11.412","11.328","138.46K","-0.41%"
"25.04.2023","11.384","11.394","11.412","11.328","81.74K","-0.08%"
"24.04.2023","11.394","11.394","11.412","11.366","88.22K","0.00%"
"21.04.2023","11.394","11.403","11.449","11.375","74.56K","-0.08%"
"20.04.2023","11.403","11.384","11.468","11.356","331.26K","-0.24%"
"19.04.2023","11.431","11.384","11.440","11.366","161.00K","0.33%"
"18.04.2023","11.394","11.384","11.422","11.384","108.50K","-0.08%"
"17.04.2023","11.403","11.403","11.412","11.375","78.29K","-0.08%"
"14.04.2023","11.412","11.291","11.459","11.272","183.44K","0.25%"
"13.04.2023","11.384","11.356","11.394","11.338","113.35K","0.16%"
"12.04.2023","11.366","11.291","11.394","11.282","313.76K","0.58%"
"11.04.2023","11.300","11.310","11.366","11.254","204.40K","0.33%"
"10.04.2023","11.263","11.366","11.394","11.254","442.83K","-0.82%"
"05.04.2023","11.356","11.394","11.403","11.245","236.11K","-0.25%"
"04.04.2023","11.384","11.384","11.422","11.272","169.05K","0.00%"
"03.04.2023","11.384","11.394","11.422","11.347","313.68K","-0.08%"
"31.03.2023","11.394","11.375","11.422","11.347","148.07K","0.08%"
"30.03.2023","11.384","11.394","11.431","11.347","166.51K","0.00%"
"29.03.2023","11.384","11.384","11.403","11.338","149.04K","0.78%"
"28.03.2023","11.296","11.305","11.370","11.287","324.18K","0.00%"
"27.03.2023","11.296","11.379","11.379","11.277","242.10K","-0.08%"
"24.03.2023","11.305","11.342","11.444","11.268","722.74K","-0.41%"
"23.03.2023","11.351","11.388","11.444","11.324","179.12K","-0.32%"
"22.03.2023","11.388","11.333","11.425","11.333","77.46K","0.16%"
"21.03.2023","11.370","11.444","11.444","11.296","265.28K","-0.65%"
"17.03.2023","11.444","11.453","11.499","11.379","70.65K","-0.16%"
"16.03.2023","11.462","11.453","11.527","11.444","113.13K","0.16%"
"15.03.2023","11.444","11.388","11.573","11.351","163.31K","0.49%"
"14.03.2023","11.388","11.444","11.573","11.333","164.28K","-0.32%"
"13.03.2023","11.425","11.462","11.462","11.379","119.29K","-0.32%"
"10.03.2023","11.462","11.472","11.564","11.287","290.30K","-0.08%"
"09.03.2023","11.472","11.462","11.555","11.425","204.75K","-0.16%"
"08.03.2023","11.490","11.490","11.499","11.444","170.18K","0.08%"
"07.03.2023","11.481","11.564","11.583","11.444","160.16K","-0.64%"
"06.03.2023","11.555","11.657","11.657","11.536","216.07K","-0.79%"
"03.03.2023","11.647","11.462","11.777","11.370","1.09M","1.61%"
"02.03.2023","11.462","11.379","11.472","11.351","211.55K","0.81%"
"01.03.2023","11.370","11.361","11.370","11.305","68.15K","0.41%"
"28.02.2023","11.324","11.453","11.490","11.287","194.10K","-0.97%"
"27.02.2023","11.435","11.379","11.509","10.593","277.38K","0.16%"
"24.02.2023","11.416","11.351","11.472","11.314","162.01K","0.57%"
"23.02.2023","11.351","11.379","11.379","11.287","243.23K","-0.16%"
"22.02.2023","11.370","11.472","11.472","11.333","145.83K","-1.05%"
"21.02.2023","11.490","11.592","11.638","11.481","273.25K","-0.48%"
"20.02.2023","11.546","11.499","11.601","11.490","266.53K","0.65%"
"17.02.2023","11.472","11.379","11.499","11.370","624.52K","0.81%"
"16.02.2023","11.379","11.472","11.472","11.333","281.68K","0.00%"
"15.02.2023","11.379","11.555","11.564","11.361","151.97K","-0.70%"
"14.02.2023","11.460","11.395","11.469","11.368","211.49K","0.73%"
"13.02.2023","11.377","11.276","11.405","11.267","358.14K","0.90%"
"10.02.2023","11.276","11.239","11.285","11.203","128.47K","0.41%"
"09.02.2023","11.230","11.304","11.304","11.221","114.79K","0.08%"
"08.02.2023","11.221","11.276","11.322","11.221","213.41K","-0.49%"
"07.02.2023","11.276","11.239","11.276","11.212","130.24K","0.33%"
"03.02.2023","11.239","11.239","11.258","11.221","154.98K","0.00%"
"02.02.2023","11.239","11.239","11.258","11.221","95.04K","0.33%"
"01.02.2023","11.203","11.258","11.258","11.194","288.19K","-0.78%"
"31.01.2023","11.290","11.327","11.373","11.290","131.55K","-0.33%"
"30.01.2023","11.327","11.336","11.336","11.290","182.95K","0.00%"
"27.01.2023","11.327","11.336","11.364","11.300","230.41K","-0.08%"
"26.01.2023","11.336","11.373","11.373","11.309","314.07K","-0.32%"
"25.01.2023","11.373","11.382","11.392","11.364","459.83K","0.08%"
"24.01.2023","11.364","11.373","11.429","11.318","247.79K","-0.08%"
"23.01.2023","11.373","11.429","11.429","11.327","238.55K","-0.48%"
"20.01.2023","11.429","11.318","11.447","11.309","97.37K","0.98%"
"19.01.2023","11.318","11.263","11.429","11.263","348.17K","0.49%"
"18.01.2023","11.263","11.300","11.382","11.226","346.43K","-0.24%"
"17.01.2023","11.290","11.364","11.364","11.253","433.13K","-0.57%"
"16.01.2023","11.355","11.382","11.493","11.336","226.08K","-0.08%"
"13.01.2023","11.364","11.382","11.512","11.336","278.23K","0.33%"
"12.01.2023","11.327","11.475","11.502","11.327","287.78K","0.00%"
"11.01.2023","11.327","11.382","11.447","11.253","474.18K","0.08%"
"10.01.2023","11.318","11.327","11.382","11.290","925.24K","0.33%"
"09.01.2023","11.281","11.382","11.382","11.272","651.38K","-0.81%"
"06.01.2023","11.373","11.336","11.382","11.318","330.92K","0.41%"
"05.01.2023","11.327","11.336","11.336","11.300","141.36K","-0.08%"
"04.01.2023","11.336","11.410","11.429","11.318","497.62K","-1.70%"
"03.01.2023","11.532","11.514","11.541","11.486","126.13K","0.24%"
"02.01.2023","11.504","11.514","11.532","11.476","59.56K","-0.08%"
"30.12.2022","11.514","11.532","11.644","11.495","98.82K","-0.16%"
"29.12.2022","11.532","11.727","11.746","11.514","302.00K","-1.67%"
"28.12.2022","11.727","11.746","11.755","11.718","74.50K","0.31%"
"27.12.2022","11.692","11.618","11.757","11.618","66.51K","0.64%"
"26.12.2022","11.618","11.692","11.766","11.599","93.80K","0.08%"
"23.12.2022","11.608","11.571","11.757","11.534","35.97K","0.48%"
"22.12.2022","11.553","11.645","11.710","11.488","100.45K","-0.87%"
"21.12.2022","11.655","11.627","11.710","11.581","50.40K","0.24%"
"20.12.2022","11.627","11.479","11.803","11.423","150.25K","1.29%"
"19.12.2022","11.479","11.757","11.757","11.423","297.92K","-2.52%"
"16.12.2022","11.775","11.275","12.127","11.275","437.02K","4.61%"
"15.12.2022","11.257","11.340","11.340","11.247","101.76K","-0.25%"
"14.12.2022","11.284","11.294","11.331","11.257","288.28K","-0.08%"
"13.12.2022","11.294","11.275","11.294","11.266","154.91K","0.25%"
"09.12.2022","11.266","11.294","11.312","11.229","90.33K","-0.25%"
"08.12.2022","11.294","11.266","11.294","11.229","86.10K","0.25%"
"07.12.2022","11.266","11.284","11.294","11.238","195.74K","-0.16%"
"06.12.2022","11.284","11.284","11.294","11.266","126.84K","0.00%"
"05.12.2022","11.284","11.294","11.340","11.275","419.97K","0.00%"
"02.12.2022","11.284","11.266","11.294","11.220","135.14K","0.08%"
"01.12.2022","11.275","11.303","11.303","11.247","136.90K","-0.16%"
"30.11.2022","11.294","11.321","11.321","11.275","73.65K","-0.25%"
"29.11.2022","11.321","11.294","11.340","11.294","190.57K","0.41%"
"28.11.2022","11.275","11.284","11.303","11.192","162.42K","-0.25%"
"25.11.2022","11.303","11.275","11.312","11.247","143.54K","0.16%"
"24.11.2022","11.284","11.247","11.294","11.247","86.92K","0.33%"
"23.11.2022","11.247","11.266","11.266","11.229","215.39K","0.08%"
"22.11.2022","11.238","11.201","11.275","11.192","115.08K","0.33%"
"18.11.2022","11.201","11.201","11.220","11.155","186.66K","-0.08%"
"17.11.2022","11.210","11.192","11.247","11.192","86.06K","0.08%"
"16.11.2022","11.201","11.229","11.229","11.164","209.32K","-0.33%"
"15.11.2022","11.238","11.294","11.294","11.220","72.71K","-0.57%"
"14.11.2022","11.303","11.201","11.321","11.201","138.51K","0.91%"
"11.11.2022","11.201","11.201","11.247","11.173","127.01K","0.17%"
"10.11.2022","11.183","11.183","11.247","11.183","119.33K","-0.08%"
"09.11.2022","11.192","11.210","11.220","11.183","144.31K","-0.17%"
"08.11.2022","11.210","11.238","11.247","11.146","134.10K","-0.16%"
"07.11.2022","11.229","11.146","11.247","11.146","88.35K","0.75%"
"04.11.2022","11.146","11.220","11.220","11.127","371.40K","-0.66%"
"03.11.2022","11.220","11.220","11.220","11.192","164.01K","-0.40%"
"01.11.2022","11.265","11.284","11.293","11.256","59.39K","-0.08%"
"31.10.2022","11.274","11.284","11.302","11.200","197.20K","-0.08%"
"28.10.2022","11.284","11.302","11.312","11.265","175.01K","-0.16%"
"27.10.2022","11.302","11.349","11.349","11.293","96.50K","0.48%"
"26.10.2022","11.248","11.239","11.285","11.229","115.21K","0.08%"
"25.10.2022","11.239","11.229","11.276","11.137","192.49K","0.16%"
"24.10.2022","11.220","11.229","11.266","11.211","159.19K","-0.08%"
"21.10.2022","11.229","11.257","11.266","11.137","159.47K","-0.25%"
"20.10.2022","11.257","11.239","11.285","11.202","104.34K","0.25%"
"19.10.2022","11.229","11.211","11.285","11.211","56.86K","0.17%"
"18.10.2022","11.211","11.294","11.294","11.192","284.81K","-0.74%"
"17.10.2022","11.294","11.229","11.377","11.229","91.28K","0.66%"
"14.10.2022","11.220","11.257","11.313","11.220","148.13K","-0.33%"
"13.10.2022","11.257","11.294","11.294","11.220","93.83K","-0.33%"
"12.10.2022","11.294","11.303","11.331","11.276","46.26K","0.00%"
"11.10.2022","11.294","11.350","11.368","11.285","112.55K","-0.57%"
"10.10.2022","11.359","11.377","11.387","11.331","79.89K","-0.16%"
"07.10.2022","11.377","11.424","11.516","11.285","91.57K","-0.24%"
"06.10.2022","11.405","11.507","11.664","11.377","1.23M","-0.95%"
"05.10.2022","11.515","11.468","11.543","11.376","639.60K","0.57%"
"04.10.2022","11.450","11.413","11.450","11.357","311.54K","0.82%"
"03.10.2022","11.357","11.338","11.385","11.329","92.11K","0.16%"
"30.09.2022","11.338","11.357","11.385","11.329","171.73K","0.00%"
"29.09.2022","11.338","11.338","11.366","11.320","76.62K","0.08%"
"28.09.2022","11.329","11.329","11.376","11.320","651.69K","-0.25%"
"27.09.2022","11.357","11.329","11.422","11.329","128.25K","0.25%"
"26.09.2022","11.329","11.348","11.376","11.329","481.12K","-0.08%"
"23.09.2022","11.338","11.338","11.357","11.292","464.06K","0.00%"
"22.09.2022","11.338","11.329","11.357","11.329","174.25K","0.08%"
"21.09.2022","11.329","11.376","11.376","11.329","255.29K","-0.33%"
"20.09.2022","11.366","11.348","11.468","11.338","60.15K","0.16%"
"19.09.2022","11.348","11.348","11.385","11.348","51.40K","0.16%"
"15.09.2022","11.329","11.338","11.376","11.283","959.79K","0.00%"
"14.09.2022","11.329","11.301","11.348","11.134","1.26M","0.33%"
"13.09.2022","11.292","11.283","11.311","11.283","44.24K","0.16%"
"12.09.2022","11.273","11.273","11.301","11.273","64.21K","0.00%"
"09.09.2022","11.273","11.301","11.301","11.264","75.83K","-0.08%"
"08.09.2022","11.283","11.301","11.311","11.143","148.24K","0.11%"
"07.09.2022","11.270","11.252","11.289","11.205","133.23K","0.58%"
"06.09.2022","11.205","11.159","11.205","11.150","132.19K","0.41%"
"05.09.2022","11.159","11.150","11.187","11.150","137.52K","0.08%"
"02.09.2022","11.150","11.150","11.150","11.131","144.75K","0.17%"
"01.09.2022","11.131","11.131","11.187","11.113","234.42K","-1.49%"
"31.08.2022","11.299","11.299","11.337","11.280","130.83K","-0.17%"
"30.08.2022","11.318","11.318","11.327","11.299","123.40K","0.08%"
"29.08.2022","11.308","11.412","11.412","11.290","85.16K","-0.63%"
"26.08.2022","11.380","11.315","11.427","11.258","499.89K","0.66%"
"25.08.2022","11.305","11.296","11.371","11.268","105.57K","0.42%"
"24.08.2022","11.258","11.296","11.437","11.249","496.56K","-0.08%"
"23.08.2022","11.268","11.249","11.286","11.249","68.49K","0.17%"
"22.08.2022","11.249","11.258","11.277","11.230","200.69K","-0.25%"
"19.08.2022","11.277","11.258","11.296","11.240","105.32K","0.17%"
"18.08.2022","11.258","11.268","11.286","11.240","204.16K","-0.08%"
"17.08.2022","11.268","11.258","11.286","11.240","219.47K","0.08%"
"16.08.2022","11.258","11.305","11.305","11.240","428.85K","-0.33%"
"15.08.2022","11.296","11.277","11.305","11.258","312.15K","0.17%"
"12.08.2022","11.277","11.286","11.286","11.249","87.23K","-0.08%"
"11.08.2022","11.286","11.286","11.286","11.258","166.54K","0.33%"
"10.08.2022","11.249","11.296","11.296","11.240","253.81K","-0.33%"
"09.08.2022","11.286","11.286","11.305","11.258","234.71K","0.00%"
"08.08.2022","11.286","11.258","11.305","11.240","214.45K","-0.08%"
"05.08.2022","11.296","11.305","11.305","11.249","234.67K","0.00%"
"04.08.2022","11.296","11.258","11.305","11.258","76.35K","0.25%"
"03.08.2022","11.268","11.249","11.286","11.240","246.13K","0.08%"
"02.08.2022","11.258","11.258","11.268","11.240","223.57K","0.08%"
"01.08.2022","11.249","11.258","11.286","11.240","177.33K","0.00%"
"29.07.2022","11.249","11.258","11.286","11.240","169.55K","0.00%"
"28.07.2022","11.249","11.286","11.296","11.240","476.42K","-0.08%"
"27.07.2022","11.258","11.324","11.324","11.240","155.89K","-0.58%"
"26.07.2022","11.324","11.258","11.352","11.249","123.00K","0.67%"
"25.07.2022","11.249","11.258","11.324","11.240","264.43K","-0.08%"
"22.07.2022","11.258","11.258","11.352","11.230","207.69K","0.00%"
"21.07.2022","11.258","11.258","11.296","11.230","374.64K","0.17%"
"20.07.2022","11.240","11.221","11.286","11.211","1.15M","0.17%"
"19.07.2022","11.221","11.305","11.315","11.202","280.76K","-0.08%"
"18.07.2022","11.230","11.258","11.324","11.211","215.34K","-0.25%"
"15.07.2022","11.258","11.258","11.333","11.240","158.22K","0.00%"
"14.07.2022","11.258","11.258","11.333","11.240","111.17K","0.00%"
"13.07.2022","11.258","11.258","11.324","11.258","260.16K","0.00%"
"12.07.2022","11.258","11.268","11.296","11.240","431.42K","0.00%"
"11.07.2022","11.258","11.296","11.333","11.240","294.52K","-0.33%"
"08.07.2022","11.296","11.343","11.343","11.202","372.78K","0.00%"
"07.07.2022","11.296","11.324","11.333","11.286","99.61K","0.00%"
"06.07.2022","11.296","11.305","11.333","11.277","89.59K","-0.08%"
"05.07.2022","11.305","11.333","11.343","11.258","101.63K","-0.25%"
"04.07.2022","11.333","11.352","11.352","11.296","76.14K","-1.74%"
"01.07.2022","11.534","11.515","11.534","11.439","291.59K","0.08%"
"30.06.2022","11.524","11.439","11.534","11.439","111.55K","0.83%"
"29.06.2022","11.429","11.496","11.534","11.419","81.02K","-0.42%"
"28.06.2022","11.477","11.524","11.543","11.439","257.08K","-0.22%"
"27.06.2022","11.502","11.455","11.521","11.398","178.22K","1.17%"
"24.06.2022","11.369","11.455","11.455","11.360","2.44M","-0.42%"
"23.06.2022","11.417","11.407","11.455","11.379","87.27K","0.17%"
"22.06.2022","11.398","11.341","11.407","11.255","167.31K","0.50%"
"21.06.2022","11.341","11.436","11.464","11.322","68.45K","-0.75%"
"20.06.2022","11.426","11.341","11.502","11.341","70.91K","-0.08%"
"17.06.2022","11.436","11.341","11.550","11.312","596.11K","1.01%"
"16.06.2022","11.322","11.407","11.407","11.303","189.47K","-0.75%"
"15.06.2022","11.407","11.407","11.426","11.360","125.24K","0.00%"
"14.06.2022","11.407","11.379","11.483","11.246","441.67K","0.50%"
"13.06.2022","11.350","11.388","11.398","11.312","134.62K","-0.08%"
"10.06.2022","11.360","11.303","11.388","11.303","132.58K","0.67%"
"09.06.2022","11.284","11.360","11.436","11.255","145.05K","-0.50%"
"08.06.2022","11.341","11.407","11.541","11.322","206.20K","0.08%"
"07.06.2022","11.331","11.341","11.417","11.312","270.03K","0.00%"
"06.06.2022","11.331","11.360","11.493","11.312","913.05K","-0.25%"
"03.06.2022","11.360","11.407","11.483","11.341","385.63K","-0.25%"
"02.06.2022","11.388","11.436","11.588","11.379","479.91K","-0.17%"
"01.06.2022","11.407","11.483","11.607","11.388","512.57K","-0.66%"
"31.05.2022","11.483","11.502","11.588","11.426","290.62K","-0.82%"
"30.05.2022","11.579","11.617","11.683","11.502","102.10K","0.00%"
"27.05.2022","11.579","11.683","11.693","11.560","145.86K","-0.22%"
"26.05.2022","11.604","11.652","11.661","11.566","91.50K","0.08%"
"25.05.2022","11.595","11.528","11.652","11.434","335.18K","1.16%"
"24.05.2022","11.462","11.614","11.614","11.443","128.82K","0.25%"
"23.05.2022","11.434","11.377","11.472","11.377","319.34K","0.50%"
"20.05.2022","11.377","11.491","11.491","11.367","340.03K","-0.91%"
"19.05.2022","11.481","11.528","11.566","11.472","236.87K","-0.33%"
"18.05.2022","11.519","11.633","11.633","11.500","306.08K","-0.82%"
"17.05.2022","11.614","11.671","11.728","11.614","154.18K","-0.16%"
"16.05.2022","11.633","11.680","11.747","11.614","136.71K","0.33%"
"13.05.2022","11.595","11.519","11.747","11.519","163.18K","0.00%"
"12.05.2022","11.595","11.519","11.709","11.509","263.82K","0.66%"
"11.05.2022","11.519","11.756","11.756","11.282","265.00K","-1.70%"
"10.05.2022","11.718","11.728","11.747","11.661","99.05K","0.00%"
"09.05.2022","11.718","11.671","11.841","11.604","260.38K","0.49%"
"06.05.2022","11.661","11.756","11.851","11.652","1.51M","-0.81%"
"05.05.2022","11.756","11.756","11.775","11.718","364.71K","0.00%"
"04.05.2022","11.756","11.756","11.756","11.642","444.54K","0.08%"
"03.05.2022","11.747","11.832","11.889","11.680","166.33K","-0.72%"
"02.05.2022","11.832","11.832","11.851","11.765","222.48K","0.00%"
"29.04.2022","11.832","11.851","11.851","11.803","122.87K","-0.16%"
"28.04.2022","11.851","11.832","11.898","11.813","107.95K","0.08%"
"27.04.2022","11.841","11.936","11.936","11.813","190.03K","-0.61%"
"26.04.2022","11.914","11.962","12.000","11.905","163.75K","-0.16%"
"25.04.2022","11.933","11.858","12.009","11.839","107.43K","0.72%"
"22.04.2022","11.848","11.867","11.867","11.810","145.98K","0.00%"
"21.04.2022","11.848","11.905","11.952","11.839","91.98K","-0.48%"
"20.04.2022","11.905","11.858","11.933","11.858","174.68K","-1.36%"
"19.04.2022","12.069","12.079","12.088","12.011","79.03K","0.40%"
"18.04.2022","12.021","11.992","12.031","11.992","120.41K","0.56%"
"13.04.2022","11.954","11.982","12.108","11.886","129.14K","0.65%"
"12.04.2022","11.877","11.886","12.088","11.857","177.34K","0.08%"
"11.04.2022","11.867","11.896","11.944","11.848","128.36K","-0.08%"
"08.04.2022","11.877","11.896","11.915","11.867","190.68K","-0.32%"
"07.04.2022","11.915","11.857","11.925","11.857","69.57K","0.49%"
"06.04.2022","11.857","11.857","11.925","11.838","127.07K","0.16%"
"05.04.2022","11.838","11.828","12.098","11.819","176.04K","0.08%"
"04.04.2022","11.828","11.838","11.915","11.800","198.01K","0.00%"
"01.04.2022","11.828","11.771","11.915","11.771","157.62K","0.49%"
"31.03.2022","11.771","11.838","11.886","11.761","239.53K","-0.41%"
"30.03.2022","11.819","11.828","11.905","11.800","341.18K","-0.08%"
"29.03.2022","11.828","11.905","12.079","11.809","300.31K","-0.57%"
"28.03.2022","11.896","12.031","12.031","11.886","391.60K","-1.75%"
"25.03.2022","12.108","12.021","12.175","11.954","163.10K","0.32%"
"24.03.2022","12.069","11.915","12.127","11.915","119.94K","1.37%"
"23.03.2022","11.905","11.867","11.944","11.694","112.82K","0.32%"
"22.03.2022","11.867","11.905","11.934","11.838","116.90K","-0.32%"
"18.03.2022","11.905","11.790","11.925","11.694","205.58K","0.81%"
"17.03.2022","11.809","11.771","11.838","11.751","87.65K","0.25%"
"16.03.2022","11.780","11.742","11.838","11.723","94.22K","0.41%"
"15.03.2022","11.732","11.742","11.742","11.674","218.38K","0.00%"
"14.03.2022","11.732","11.742","11.828","11.713","110.73K","0.00%"
"11.03.2022","11.732","11.742","11.751","11.674","235.12K","-0.08%"
"10.03.2022","11.742","11.742","11.742","11.723","211.41K","-0.08%"
"09.03.2022","11.751","11.742","12.040","11.742","222.76K","0.65%"
"08.03.2022","11.676","11.686","11.686","11.599","333.83K","0.58%"
"07.03.2022","11.609","11.781","11.829","11.609","380.97K","-1.06%"
"04.03.2022","11.734","11.743","11.762","11.705","258.73K","-0.08%"
"03.03.2022","11.743","11.743","11.762","11.714","295.87K","-0.08%"
"02.03.2022","11.753","11.762","11.781","11.734","175.21K","-0.08%"
"01.03.2022","11.762","11.762","11.781","11.734","183.33K","0.24%"
"28.02.2022","11.734","11.743","11.801","11.724","358.42K","0.00%"
"25.02.2022","11.734","11.638","11.820","11.638","126.55K","0.82%"
"24.02.2022","11.638","11.820","11.820","11.571","443.06K","-1.41%"
"23.02.2022","11.804","11.756","11.813","11.728","179.86K","0.40%"
"22.02.2022","11.756","11.709","11.785","11.661","275.53K","0.41%"
"21.02.2022","11.709","11.690","11.785","11.680","272.25K","0.16%"
"18.02.2022","11.690","11.661","11.699","11.652","166.13K","0.41%"
"17.02.2022","11.642","11.699","11.737","11.604","330.30K","0.41%"
"16.02.2022","11.595","11.690","11.766","11.566","416.94K","-1.06%"
"15.02.2022","11.718","11.756","11.775","11.699","160.37K","0.49%"
"14.02.2022","11.661","11.728","11.747","11.642","199.22K","-0.57%"
"11.02.2022","11.728","11.785","11.794","11.652","301.96K","-0.48%"
"10.02.2022","11.785","11.785","11.823","11.756","183.13K","0.16%"
"09.02.2022","11.766","11.785","11.804","11.737","82.81K","-0.08%"
"08.02.2022","11.775","11.728","11.899","11.642","340.39K","0.90%"
"04.02.2022","11.671","11.595","11.709","11.518","208.91K","0.66%"
"03.02.2022","11.595","11.661","11.699","11.452","427.85K","-0.16%"
"02.02.2022","11.614","11.671","11.728","11.595","630.09K","0.00%"
"01.02.2022","11.614","11.709","11.871","11.604","398.15K","-0.73%"
"31.01.2022","11.699","11.842","11.890","11.690","192.23K","0.33%"
"28.01.2022","11.661","12.032","12.061","11.633","571.95K","-2.85%"
"27.01.2022","12.004","11.833","12.194","11.833","542.43K","2.08%"
"26.01.2022","11.760","11.788","11.873","11.731","164.09K","0.16%"
"25.01.2022","11.741","11.674","11.778","11.618","288.70K","0.49%"
"24.01.2022","11.684","11.807","11.826","11.646","188.64K","-1.04%"
"21.01.2022","11.807","11.674","11.816","11.674","255.17K","0.97%"
"20.01.2022","11.693","11.693","11.807","11.674","96.93K","0.00%"
"19.01.2022","11.693","11.712","11.826","11.637","81.59K","0.65%"
"18.01.2022","11.618","11.684","11.778","11.608","240.51K","-0.57%"
"17.01.2022","11.684","11.684","11.722","11.637","99.69K","0.16%"
"14.01.2022","11.665","11.637","11.712","11.637","114.39K","0.33%"
"13.01.2022","11.627","11.608","11.684","11.599","151.13K","0.24%"
"12.01.2022","11.599","11.618","11.637","11.561","130.47K","0.49%"
"11.01.2022","11.542","11.608","11.637","11.523","248.63K","-0.33%"
"10.01.2022","11.580","11.561","11.608","11.523","146.16K","0.49%"
"07.01.2022","11.523","11.542","11.589","11.523","155.89K","-0.16%"
"06.01.2022","11.542","11.570","11.608","11.523","189.27K","-0.08%"
"05.01.2022","11.551","11.570","11.589","11.523","153.87K","0.08%"
"04.01.2022","11.542","11.608","11.627","11.476","403.13K","-0.25%"
"03.01.2022","11.570","11.608","11.627","11.570","181.92K","-0.33%"
"31.12.2021","11.608","11.589","11.637","11.551","135.86K","0.49%"
"30.12.2021","11.551","11.580","11.627","11.523","232.61K","-0.25%"
"29.12.2021","11.580","11.627","11.712","11.542","133.51K","0.22%"
"28.12.2021","11.554","11.517","11.648","11.517","188.16K","0.66%"
"27.12.2021","11.479","11.517","11.658","11.470","151.97K","-0.33%"
"24.12.2021","11.517","11.526","11.573","11.498","68.65K","0.08%"
"23.12.2021","11.507","11.536","11.545","11.432","201.66K","0.33%"
"22.12.2021","11.470","11.526","11.554","11.441","152.01K","0.00%"
"21.12.2021","11.470","11.517","11.573","11.451","179.63K","-0.41%"
"20.12.2021","11.517","11.564","11.611","11.432","273.57K","0.00%"
"17.12.2021","11.517","11.479","11.573","11.479","556.74K","0.41%"
"16.12.2021","11.470","11.536","11.554","11.460","154.31K","-0.57%"
"15.12.2021","11.536","11.498","11.554","11.451","4.80M","0.33%"
"14.12.2021","11.498","11.451","11.517","11.329","372.25K","0.99%"
"13.12.2021","11.385","11.413","11.488","11.366","166.67K","-0.25%"
"10.12.2021","11.413","11.460","11.488","11.300","150.55K","-0.49%"
"09.12.2021","11.470","11.526","11.620","11.432","233.27K","-0.49%"
"08.12.2021","11.526","11.498","11.573","11.488","120.66K","0.08%"
"07.12.2021","11.517","11.526","11.526","11.507","20.98K","-0.08%"
"06.12.2021","11.526","11.526","11.592","11.376","129.69K","0.00%"
"03.12.2021","11.526","11.601","11.601","11.432","225.77K","-0.97%"
"02.12.2021","11.639","11.432","11.667","11.432","197.48K","2.49%"
"01.12.2021","11.357","11.366","11.432","11.347","104.57K","-0.17%"
"30.11.2021","11.376","11.451","11.479","11.366","133.54K","-0.66%"
"29.11.2021","11.451","11.432","11.460","11.385","148.39K","1.00%"
"26.11.2021","11.338","11.432","11.432","11.291","62.59K","-0.60%"
"25.11.2021","11.407","11.351","11.407","11.323","85.20K","0.49%"
"24.11.2021","11.351","11.379","11.407","11.276","154.21K","-0.25%"
"23.11.2021","11.379","11.313","11.416","11.313","170.87K","0.66%"
"22.11.2021","11.304","11.304","11.379","11.276","107.69K","0.00%"
"19.11.2021","11.304","11.332","11.351","11.229","68.43K","-0.17%"
"18.11.2021","11.323","11.323","11.351","11.257","106.65K","-0.08%"
"17.11.2021","11.332","11.360","11.369","11.276","234.99K","-0.25%"
"16.11.2021","11.360","11.220","11.379","11.192","302.18K","1.25%"
"12.11.2021","11.220","11.192","11.220","11.182","237.45K","0.33%"
"11.11.2021","11.182","11.163","11.201","11.163","33.38K","-0.08%"
"10.11.2021","11.192","11.135","11.210","11.089","123.23K","0.50%"
"09.11.2021","11.135","11.220","11.229","11.107","222.20K","-0.25%"
"08.11.2021","11.163","11.210","11.266","11.135","98.05K","-0.50%"
"05.11.2021","11.220","11.229","11.229","11.163","198.71K","-0.08%"
"04.11.2021","11.229","11.229","11.266","11.210","157.76K","0.00%"
"03.11.2021","11.229","11.266","11.266","11.201","226.58K","-0.50%"
"01.11.2021","11.285","11.220","11.313","11.173","164.64K","1.01%"
"29.10.2021","11.173","11.276","11.332","11.135","152.15K","-0.91%"
"28.10.2021","11.276","11.323","11.323","11.238","48.85K","-0.41%"
"27.10.2021","11.323","11.388","11.388","11.238","93.44K","-0.74%"
"26.10.2021","11.407","11.238","11.416","11.238","57.66K","0.99%"
"25.10.2021","11.294","11.276","11.304","11.248","50.01K","0.17%"
"22.10.2021","11.276","11.276","11.304","11.201","176.08K","0.17%"
"21.10.2021","11.257","11.257","11.294","11.229","112.88K","0.08%"
"20.10.2021","11.248","11.229","11.304","11.229","73.60K","0.42%"
"19.10.2021","11.201","11.285","11.304","11.201","227.73K","-0.66%"
"18.10.2021","11.276","11.304","11.304","11.257","167.23K","-0.17%"
"15.10.2021","11.294","11.276","11.341","11.257","57.49K","0.17%"
"14.10.2021","11.276","11.294","11.313","11.229","159.40K","0.67%"
"13.10.2021","11.201","11.229","11.276","11.192","72.12K","-0.17%"
"12.10.2021","11.220","11.304","11.304","11.192","84.80K","-0.08%"
"11.10.2021","11.229","11.285","11.313","11.210","75.07K","-0.08%"
"08.10.2021","11.238","11.276","11.369","11.154","176.55K","-0.33%"
"07.10.2021","11.276","11.182","11.416","11.182","125.91K","0.84%"
"06.10.2021","11.182","11.192","11.220","11.126","160.40K","-0.08%"
"05.10.2021","11.192","11.229","11.276","11.182","568.85K","-0.33%"
"04.10.2021","11.229","11.323","11.435","11.210","330.16K","0.00%"
"01.10.2021","11.229","11.323","11.323","11.210","232.76K","-0.91%"
"30.09.2021","11.332","11.369","11.397","11.173","294.42K","0.92%"
"29.09.2021","11.229","11.379","11.379","11.182","582.41K","0.00%"
"28.09.2021","11.229","11.397","11.482","11.220","527.66K","-1.48%"
"27.09.2021","11.397","11.603","11.687","11.304","299.16K","-1.77%"
"24.09.2021","11.603","11.669","11.669","11.566","64.00K","0.40%"
"23.09.2021","11.556","11.463","11.669","11.463","213.60K","0.73%"
"22.09.2021","11.472","11.510","11.510","11.435","159.24K","-0.33%"
"21.09.2021","11.510","11.463","11.510","11.416","76.30K","0.49%"
"20.09.2021","11.454","11.454","11.463","11.369","208.34K","-0.57%"
"17.09.2021","11.519","11.510","11.594","11.463","314.08K","0.08%"
"15.09.2021","11.510","11.360","11.510","11.360","129.65K","1.49%"
"14.09.2021","11.341","11.416","11.416","11.323","242.86K","0.00%"
"13.09.2021","11.341","11.360","11.416","11.304","208.77K","-0.25%"
"10.09.2021","11.369","11.510","11.510","11.323","163.87K","-0.41%"
"09.09.2021","11.416","11.397","11.491","11.351","88.53K","0.00%"
"08.09.2021","11.416","11.407","11.510","11.369","123.14K","0.08%"
"07.09.2021","11.407","11.388","11.491","11.351","209.94K","0.00%"
"06.09.2021","11.407","11.407","11.416","11.388","185.25K","0.00%"
"03.09.2021","11.407","11.323","11.463","11.276","182.17K","0.91%"
"02.09.2021","11.304","11.341","11.341","11.294","82.81K","-0.17%"
"01.09.2021","11.323","11.313","11.341","11.276","153.93K","0.00%"
"31.08.2021","11.323","11.323","11.332","11.304","75.30K","0.00%"
"30.08.2021","11.323","11.323","11.369","11.276","259.80K","-0.17%"
"27.08.2021","11.341","11.323","11.379","11.323","116.94K","0.17%"
"26.08.2021","11.323","11.313","11.360","11.285","609.18K","0.17%"
"25.08.2021","11.304","11.369","11.388","11.257","163.41K","-0.17%"
"24.08.2021","11.323","11.416","11.416","11.304","449.49K","0.00%"
"23.08.2021","11.323","11.266","11.416","11.266","156.41K","0.50%"
"20.08.2021","11.266","11.276","11.285","11.210","232.83K","-0.17%"
"19.08.2021","11.285","11.379","11.407","11.229","375.74K","-0.66%"
"18.08.2021","11.360","11.416","11.416","11.332","135.15K","-0.49%"
"17.08.2021","11.416","11.323","11.416","11.323","70.99K","0.25%"
"16.08.2021","11.388","11.388","11.416","11.360","161.02K","0.00%"
"13.08.2021","11.388","11.416","11.416","11.341","88.07K","-0.25%"
"12.08.2021","11.416","11.416","11.454","11.323","85.13K","0.00%"
"11.08.2021","11.416","11.435","11.463","11.369","362.02K","-0.16%"
"10.08.2021","11.435","11.500","11.500","11.332","92.87K","0.08%"
"09.08.2021","11.425","11.407","11.500","11.323","87.72K","-0.16%"
"06.08.2021","11.444","11.323","11.510","11.304","190.23K","0.33%"
"05.08.2021","11.407","11.369","11.510","11.229","364.58K","0.33%"
"04.08.2021","11.369","11.257","11.519","11.126","440.26K","0.66%"
"03.08.2021","11.294","11.126","11.454","11.079","396.56K","1.94%"
"02.08.2021","11.079","11.220","11.229","11.042","381.10K","-1.17%"
"30.07.2021","11.210","11.220","11.220","11.182","126.48K","0.67%"
"29.07.2021","11.135","11.210","11.229","11.051","445.40K","0.00%"
"28.07.2021","11.135","11.220","11.313","11.061","363.95K","-0.75%"
"27.07.2021","11.220","11.407","11.463","11.192","345.96K","-1.72%"
"26.07.2021","11.416","11.379","11.500","11.379","93.14K","0.91%"
"23.07.2021","11.313","11.407","11.416","11.313","115.50K","-0.66%"
"22.07.2021","11.388","11.416","11.510","11.276","266.90K","0.08%"
"21.07.2021","11.379","11.500","11.500","11.369","79.44K","-0.41%"
"20.07.2021","11.425","11.313","11.463","11.257","659.41K","1.16%"
"19.07.2021","11.294","11.304","11.323","11.248","116.92K","-0.08%"
"16.07.2021","11.304","11.229","11.313","11.182","159.55K","0.92%"
"15.07.2021","11.201","11.313","11.313","11.163","155.90K","-0.99%"
"14.07.2021","11.313","11.276","11.313","11.238","117.00K","0.33%"
"13.07.2021","11.276","11.276","11.276","11.220","204.87K","0.00%"
"12.07.2021","11.276","11.304","11.304","11.210","249.97K","0.33%"
"09.07.2021","11.238","11.294","11.407","11.173","286.77K","0.92%"
"08.07.2021","11.135","11.135","11.294","11.042","323.05K","0.51%"
"07.07.2021","11.079","11.135","11.210","10.939","390.31K","-0.42%"
"06.07.2021","11.126","11.678","11.687","10.995","499.07K","-4.73%"
"05.07.2021","11.678","11.650","11.697","11.341","75.99K","2.97%"
"02.07.2021","11.341","11.351","11.603","11.229","198.17K","0.25%"
"01.07.2021","11.313","11.594","11.594","11.294","122.67K","-1.31%"
"30.06.2021","11.463","11.566","11.659","11.463","145.02K","-0.73%"
"29.06.2021","11.547","11.547","11.697","11.528","120.31K","0.08%"
"28.06.2021","11.538","11.744","11.744","11.238","83.07K","0.00%"
"25.06.2021","11.538","11.734","11.827","11.538","113.51K","-1.51%"
"24.06.2021","11.715","11.492","11.883","11.427","122.64K","1.70%"
"23.06.2021","11.520","11.669","11.669","11.492","98.20K","-0.96%"
"22.06.2021","11.631","11.492","11.724","11.473","259.44K","0.97%"
"21.06.2021","11.520","11.166","11.752","11.166","427.75K","1.23%"
"18.06.2021","11.380","11.110","13.185","11.026","616.62K","2.09%"
"17.06.2021","11.147","11.147","11.157","11.082","129.17K","0.67%"
"16.06.2021","11.073","10.999","11.110","10.933","190.90K","0.68%"
"15.06.2021","10.999","10.999","11.064","10.961","94.38K","0.00%"
"14.06.2021","10.999","10.999","11.008","10.924","126.17K","0.60%"
"11.06.2021","10.933","10.915","10.952","10.878","65.32K","0.17%"
"10.06.2021","10.915","10.933","10.943","10.868","192.62K","0.60%"
"09.06.2021","10.850","10.924","10.924","10.850","148.11K","-0.51%"
"08.06.2021","10.906","10.933","10.933","10.840","112.33K","-0.26%"
"07.06.2021","10.933","10.887","10.971","10.859","88.95K","0.43%"
"04.06.2021","10.887","10.924","10.933","10.840","82.28K","0.17%"
"03.06.2021","10.868","10.915","10.915","10.794","88.25K","-0.51%"
"02.06.2021","10.924","10.887","10.933","10.785","207.64K","0.34%"
"01.06.2021","10.887","10.840","10.933","10.840","87.31K","0.86%"
"31.05.2021","10.794","10.812","10.915","10.775","120.83K","-0.09%"
"28.05.2021","10.803","10.961","10.961","10.794","130.22K","-1.36%"
"27.05.2021","10.952","10.878","10.980","10.701","139.69K","1.46%"
"26.05.2021","10.794","10.804","10.831","10.748","83.00K","0.52%"
"25.05.2021","10.739","10.730","10.794","10.637","221.70K","0.26%"
"24.05.2021","10.711","10.804","10.804","10.674","237.39K","-0.52%"
"21.05.2021","10.767","10.850","10.850","10.730","86.12K","-0.09%"
"20.05.2021","10.776","10.822","10.915","10.730","374.87K","-0.17%"
"19.05.2021","10.794","11.053","11.072","10.757","315.16K","-2.34%"
"18.05.2021","11.053","10.961","11.664","10.961","225.80K","0.84%"
"17.05.2021","10.961","10.868","11.090","10.822","70.85K","1.02%"
"14.05.2021","10.850","10.776","10.850","10.739","114.81K","0.95%"
"13.05.2021","10.748","10.794","10.822","10.646","182.64K","-0.34%"
"12.05.2021","10.785","10.850","10.850","10.776","59.16K","-0.51%"
"11.05.2021","10.841","10.850","10.924","10.822","329.49K","0.00%"
"10.05.2021","10.841","10.785","10.896","10.683","82.45K","0.43%"
"07.05.2021","10.794","10.878","10.878","10.757","65.55K","-0.68%"
"06.05.2021","10.868","10.915","11.090","10.711","704.96K","-0.17%"
"05.05.2021","10.887","10.868","10.933","10.850","450.31K","0.86%"
"04.05.2021","10.794","10.822","10.841","10.785","138.39K","0.00%"
"03.05.2021","10.794","10.813","10.813","10.720","248.59K","0.69%"
"30.04.2021","10.720","10.767","10.767","10.656","195.92K","0.26%"
"29.04.2021","10.693","10.739","10.739","10.656","69.49K","-0.43%"
"28.04.2021","10.739","10.730","10.739","10.656","224.83K","0.78%"
"27.04.2021","10.656","10.647","10.693","10.619","66.04K","0.70%"
"26.04.2021","10.583","10.656","10.665","10.472","239.11K","0.61%"
"23.04.2021","10.518","10.674","10.693","10.481","406.61K","-1.46%"
"22.04.2021","10.674","10.592","10.684","10.491","289.78K","1.22%"
"21.04.2021","10.546","10.693","10.693","10.527","188.62K","-1.04%"
"20.04.2021","10.656","10.693","10.693","10.573","136.76K","0.09%"
"19.04.2021","10.647","10.647","10.702","10.610","138.54K","0.09%"
"16.04.2021","10.638","10.684","10.684","10.619","54.50K","-0.17%"
"15.04.2021","10.656","10.647","10.702","10.592","122.89K","0.78%"
"14.04.2021","10.573","10.702","10.702","10.527","259.43K","0.26%"
"13.04.2021","10.546","10.711","10.757","10.472","318.29K","-1.46%"
"12.04.2021","10.702","10.711","10.776","10.472","339.13K","0.00%"
"09.04.2021","10.702","10.757","10.757","10.601","215.64K","1.22%"
"08.04.2021","10.573","10.472","10.647","10.472","177.62K","0.09%"
"07.04.2021","10.564","10.573","10.656","10.518","222.85K","-0.26%"
"06.04.2021","10.592","10.711","10.711","10.463","347.45K","-0.09%"
"05.04.2021","10.601","10.638","10.693","10.564","84.60K","0.87%"
"31.03.2021","10.509","10.831","10.831","10.463","276.23K","-1.55%"
"30.03.2021","10.674","10.610","10.739","10.610","50.28K","0.61%"
"29.03.2021","10.610","10.877","10.978","10.454","252.76K","-2.12%"
"26.03.2021","10.840","10.766","10.877","10.619","282.97K","0.68%"
"25.03.2021","10.766","10.684","10.858","10.564","556.81K","0.60%"
"24.03.2021","10.702","10.518","10.812","10.518","700.19K","0.34%"
"23.03.2021","10.665","10.500","10.757","10.491","206.46K","1.49%"
"22.03.2021","10.509","10.527","10.527","10.445","164.86K","0.00%"
"19.03.2021","10.509","10.527","10.527","10.491","201.04K","0.00%"
"18.03.2021","10.509","10.481","10.527","10.426","83.54K","0.79%"
"17.03.2021","10.426","10.573","10.573","10.389","331.16K","-0.35%"
"16.03.2021","10.463","10.546","10.546","10.445","235.39K","-0.61%"
"12.03.2021","10.527","10.573","10.592","10.463","383.16K","0.44%"
"11.03.2021","10.481","10.573","10.573","10.435","191.01K","0.18%"
"10.03.2021","10.463","10.463","10.527","10.426","185.78K","0.00%"
"09.03.2021","10.463","10.426","10.555","10.408","240.59K","0.00%"
"08.03.2021","10.463","10.472","10.564","10.444","100.72K","-0.35%"
"05.03.2021","10.499","10.353","10.564","10.353","179.72K","0.80%"
"04.03.2021","10.416","10.619","10.730","10.407","181.12K","-1.92%"
"03.03.2021","10.619","10.703","10.703","10.536","274.06K","0.09%"
"02.03.2021","10.610","10.592","10.730","10.536","812.26K","0.26%"
"01.03.2021","10.582","10.823","10.832","10.545","610.44K","-1.72%"
"26.02.2021","10.767","10.638","10.786","10.545","508.01K","1.22%"
"25.02.2021","10.638","10.730","10.823","10.527","869.39K","0.26%"
"24.02.2021","10.610","10.721","10.841","10.564","504.80K","-0.40%"
"23.02.2021","10.653","10.442","10.671","10.258","670.23K","2.75%"
"22.02.2021","10.368","10.286","10.378","10.286","369.15K","0.71%"
"19.02.2021","10.295","10.304","10.322","10.157","621.93K","-0.09%"
"18.02.2021","10.304","10.249","10.322","10.176","190.56K","1.26%"
"17.02.2021","10.176","10.561","10.561","10.148","248.11K","-2.38%"
"16.02.2021","10.423","10.194","10.515","10.102","858.33K","2.25%"
"15.02.2021","10.194","10.194","10.203","10.166","111.04K","0.45%"
"12.02.2021","10.148","10.221","10.221","10.102","117.37K","0.09%"
"11.02.2021","10.139","10.240","10.240","10.120","126.82K","-0.99%"
"10.02.2021","10.240","10.423","10.423","10.212","158.81K","0.18%"
"09.02.2021","10.221","10.286","10.286","10.203","116.60K","-0.63%"
"08.02.2021","10.286","10.378","10.378","10.240","142.18K","0.00%"
"05.02.2021","10.286","10.313","10.332","10.231","101.14K","-0.36%"
"04.02.2021","10.322","10.332","10.332","10.194","79.76K","0.00%"
"03.02.2021","10.322","10.378","10.378","10.221","171.34K","-0.18%"
"02.02.2021","10.341","10.727","10.727","10.194","468.09K","-1.75%"
"29.01.2021","10.524","10.387","10.607","10.387","212.46K","0.61%"
"28.01.2021","10.460","10.423","10.534","10.396","81.98K","-0.61%"
"27.01.2021","10.524","10.286","10.561","10.286","79.72K","3.09%"
"26.01.2021","10.209","10.391","10.391","10.200","247.58K","-1.84%"
"25.01.2021","10.400","10.300","10.555","10.300","139.36K","0.97%"
"22.01.2021","10.300","10.300","10.300","10.263","114.28K","0.09%"
"21.01.2021","10.291","10.418","10.555","10.273","287.48K","-1.57%"
"20.01.2021","10.455","10.555","10.555","10.418","76.82K","-2.86%"
"19.01.2021","10.762","10.948","10.948","10.679","243.24K","-0.85%"
"18.01.2021","10.855","10.985","10.985","10.837","174.03K","0.34%"
"15.01.2021","10.818","10.855","10.855","10.809","126.15K","0.09%"
"14.01.2021","10.809","10.855","10.855","10.809","62.62K","-0.26%"
"13.01.2021","10.837","10.855","10.855","10.809","137.99K","0.26%"
"12.01.2021","10.809","10.855","10.855","10.753","115.11K","-0.09%"
"11.01.2021","10.818","10.985","10.985","10.725","245.27K","-0.26%"
"08.01.2021","10.846","10.994","10.994","10.818","113.68K","-1.18%"
"07.01.2021","10.976","10.892","10.994","10.874","121.52K","0.77%"
"06.01.2021","10.892","10.911","10.939","10.874","120.37K","0.34%"
"05.01.2021","10.855","10.762","10.902","10.744","1.82M","0.86%"
"04.01.2021","10.762","10.762","10.762","10.735","355.99K","0.26%"
"31.12.2020","10.735","10.753","10.762","10.660","154.09K","0.70%"
"30.12.2020","10.660","10.697","10.762","10.605","138.00K","1.59%"
"29.12.2020","10.493","10.595","10.855","10.484","496.69K","-0.18%"
"28.12.2020","10.513","10.513","10.678","10.513","159.72K","2.51%"
"24.12.2020","10.255","10.678","10.678","10.034","278.43K","-3.55%"
"23.12.2020","10.632","10.863","10.863","10.632","3.39M","-1.45%"
"22.12.2020","10.789","10.632","10.807","10.596","255.09K","1.74%"
"21.12.2020","10.605","10.807","10.807","10.586","155.03K","-1.29%"
"18.12.2020","10.743","10.807","10.817","10.669","139.15K","0.17%"
"17.12.2020","10.725","10.817","10.817","10.669","120.21K","0.60%"
"16.12.2020","10.660","10.614","10.725","10.614","106.53K","0.26%"
"15.12.2020","10.632","10.725","10.725","10.540","188.91K","-0.77%"
"14.12.2020","10.715","10.522","10.725","10.522","165.00K","1.93%"
"11.12.2020","10.513","10.771","10.771","10.513","150.84K","-1.13%"
"10.12.2020","10.632","10.531","10.715","10.531","100.69K","0.96%"
"09.12.2020","10.531","10.540","10.771","10.485","108.23K","0.00%"
"08.12.2020","10.531","10.586","10.771","10.494","120.03K","-0.52%"
"07.12.2020","10.586","10.835","10.835","10.504","351.70K","-0.86%"
"04.12.2020","10.678","10.863","10.863","10.586","230.98K","-0.43%"
"03.12.2020","10.725","10.863","10.955","10.678","142.37K","-0.51%"
"02.12.2020","10.780","10.909","10.909","10.734","312.26K","-0.51%"
"01.12.2020","10.835","10.642","10.899","10.623","108.15K","1.12%"
"30.11.2020","10.715","10.771","10.817","10.642","179.51K","0.61%"
"27.11.2020","10.651","10.881","10.955","10.577","45.92K","-0.17%"
"26.11.2020","10.669","10.623","10.991","10.485","156.88K","1.21%"
"25.11.2020","10.541","10.733","10.733","10.523","52.97K","-1.37%"
"24.11.2020","10.687","10.486","10.733","10.477","37.92K","3.08%"
"23.11.2020","10.368","10.176","10.578","10.176","28.80K","2.81%"
"20.11.2020","10.085","10.048","10.139","10.048","75.77K","0.36%"
"19.11.2020","10.048","10.139","10.139","9.966","127.77K","-0.90%"
"18.11.2020","10.139","10.048","10.139","9.911","193.09K","1.37%"
"17.11.2020","10.002","9.957","10.139","9.865","1.23M","0.92%"
"13.11.2020","9.911","9.957","10.039","9.911","136.39K","-0.28%"
"12.11.2020","9.938","9.674","10.048","9.591","2.05M","2.74%"
"11.11.2020","9.674","9.555","9.683","9.546","94.51K","1.73%"
"10.11.2020","9.509","9.591","9.600","9.500","56.34K","0.00%"
"09.11.2020","9.509","9.336","9.591","9.336","266.90K","0.68%"
"06.11.2020","9.445","9.500","9.500","9.208","133.41K","1.67%"
"05.11.2020","9.290","9.336","9.336","9.226","649.13K","-0.49%"
"04.11.2020","9.336","9.336","9.390","9.272","109.47K","0.20%"
"03.11.2020","9.317","9.445","9.463","9.272","37.23K","-3.41%"
"30.10.2020","9.646","9.235","9.865","9.144","48.93K","5.28%"
"29.10.2020","9.162","9.144","9.262","9.089","145.48K","0.20%"
"28.10.2020","9.144","9.253","9.253","9.125","86.56K","-0.50%"
"27.10.2020","9.190","9.326","9.326","9.118","175.27K","-0.20%"
"26.10.2020","9.208","9.326","9.326","9.208","28.49K","0.69%"
"23.10.2020","9.145","9.136","9.235","9.109","184.74K","0.00%"
"22.10.2020","9.145","9.054","9.145","8.973","1.76M","1.51%"
"21.10.2020","9.009","9.000","9.081","8.982","13.07M","0.10%"
"20.10.2020","9.000","9.063","9.072","8.982","226.09K","-0.60%"
"19.10.2020","9.054","9.054","9.136","9.027","292.50K","0.00%"
"16.10.2020","9.054","9.054","9.181","9.036","96.47K","0.40%"
"15.10.2020","9.018","9.145","9.163","8.964","388.54K","-1.29%"
"14.10.2020","9.136","9.190","9.235","9.027","380.35K","0.70%"
"13.10.2020","9.072","9.308","9.308","9.054","72.75K","-2.34%"
"12.10.2020","9.290","9.317","9.398","9.253","24.77K","0.69%"
"09.10.2020","9.226","9.353","9.353","9.226","69.88K","-1.74%"
"08.10.2020","9.389","9.516","9.516","9.371","152.70K","-1.43%"
"07.10.2020","9.525","9.353","9.598","9.344","37.10K","2.24%"
"06.10.2020","9.317","9.317","9.416","9.281","599.33K","-0.87%"
"05.10.2020","9.398","9.181","9.444","9.027","60.62K","1.86%"
"02.10.2020","9.226","9.045","9.235","9.009","225.58K","1.90%"
"01.10.2020","9.054","9.054","9.054","8.982","58.64K","0.00%"
"30.09.2020","9.054","9.136","9.136","9.027","59.22K","0.00%"
"29.09.2020","9.054","9.091","9.100","9.045","47.10K","-0.10%"
"28.09.2020","9.063","9.054","9.081","8.973","134.85K","1.01%"
"25.09.2020","8.973","8.973","9.009","8.874","154.69K","0.70%"
"24.09.2020","8.910","8.973","8.973","8.865","167.48K","-0.50%"
"23.09.2020","8.955","8.677","8.973","8.677","157.02K","3.10%"
"22.09.2020","8.686","8.838","8.973","8.614","324.94K","-1.22%"
"21.09.2020","8.794","8.794","9.054","8.713","61.78K","-0.41%"
"18.09.2020","8.830","8.973","8.973","8.794","342.41K","-0.61%"
"17.09.2020","8.883","8.910","9.063","8.821","853.70K","-1.00%"
"15.09.2020","8.973","8.955","9.018","8.910","22.61K","0.00%"
"14.09.2020","8.973","9.063","9.063","8.910","227.14K","-0.89%"
"11.09.2020","9.054","9.054","9.054","8.973","9.39K","0.40%"
"10.09.2020","9.018","8.919","9.063","8.910","23.13K","1.41%"
"09.09.2020","8.892","8.883","9.054","8.883","131.69K","-0.20%"
"08.09.2020","8.910","9.009","9.018","8.892","63.23K","-0.60%"
"07.09.2020","8.964","8.982","9.054","8.874","660.93K","0.60%"
"04.09.2020","8.910","8.991","8.991","8.892","216.28K","0.40%"
"03.09.2020","8.874","8.982","9.000","8.838","177.91K","-0.90%"
"02.09.2020","8.955","8.919","9.063","8.856","1.50M","0.30%"
"01.09.2020","8.928","8.955","8.973","8.883","49.49K","-0.20%"
"31.08.2020","8.946","9.045","9.045","8.883","23.74K","0.40%"
"28.08.2020","8.910","8.955","8.955","8.838","54.36K","-0.50%"
"27.08.2020","8.955","8.928","8.973","8.830","40.13K","1.32%"
"26.08.2020","8.839","8.963","8.963","8.803","82.56K","-0.60%"
"25.08.2020","8.892","9.043","9.043","8.803","494.18K","0.20%"
"24.08.2020","8.874","8.865","9.070","8.830","213.72K","0.00%"
"21.08.2020","8.874","8.954","8.954","8.865","20.69K","-0.89%"
"20.08.2020","8.954","8.972","8.972","8.874","64.50K","-0.10%"
"19.08.2020","8.963","8.963","8.963","8.892","121.27K","0.90%"
"18.08.2020","8.883","8.892","8.972","8.865","65.72K","0.71%"
"17.08.2020","8.821","9.070","9.070","8.803","207.13K","-2.17%"
"14.08.2020","9.017","9.070","9.070","8.937","102.44K","1.20%"
"13.08.2020","8.910","8.830","9.052","8.830","1.23M","0.91%"
"12.08.2020","8.830","9.070","9.070","8.696","190.58K","-13.43%"
"11.08.2020","10.200","10.150","10.400","9.820","4.24M","1.90%"
"10.08.2020","10.010","9.900","10.050","9.900","68.96K","0.30%"
"07.08.2020","9.980","20.000","20.000","9.970","94.70K","-0.20%"
"06.08.2020","10.000","10.050","10.050","9.970","109.42K","0.20%"
"05.08.2020","9.980","10.110","10.110","9.900","18.81K","-0.50%"
"04.08.2020","10.030","10.100","10.150","10.000","112.85K","-0.69%"
"03.08.2020","10.100","10.100","10.100","9.920","49.70K","1.20%"
"31.07.2020","9.980","10.180","10.180","9.850","82.60K","-0.99%"
"30.07.2020","10.080","10.000","10.080","9.980","81.45K","1.82%"
"29.07.2020","9.900","9.860","9.970","9.770","58.69K","-1.30%"
"28.07.2020","10.030","10.000","10.050","9.650","110.74K","1.31%"
"27.07.2020","9.900","9.750","9.960","9.750","85.46K","1.96%"
"24.07.2020","9.710","9.600","9.710","9.500","446.68K","1.68%"
"23.07.2020","9.550","9.380","9.600","9.340","794.23K","1.81%"
"22.07.2020","9.380","9.440","9.440","9.330","23.40K","0.21%"
"21.07.2020","9.360","9.400","9.400","9.140","114.84K","-0.43%"
"20.07.2020","9.400","9.440","9.500","9.380","67.16K","-0.42%"
"17.07.2020","9.440","9.550","9.550","9.400","82.23K","-1.15%"
"16.07.2020","9.550","9.580","9.600","9.510","33.92K","-0.31%"
"15.07.2020","9.580","9.700","9.700","9.580","24.71K","-0.21%"
"14.07.2020","9.600","9.700","9.700","9.600","44.37K","0.00%"
"13.07.2020","9.600","9.710","9.780","9.550","104.47K","-1.03%"
"10.07.2020","9.700","9.860","9.890","9.690","23.33K","-1.02%"
"09.07.2020","9.800","9.900","9.960","9.710","732.96K","-1.01%"
"08.07.2020","9.900","9.980","9.980","9.890","11.28K","-0.30%"
"07.07.2020","9.930","9.950","9.950","9.850","77.92K","0.00%"
"06.07.2020","9.930","9.980","9.980","9.900","121.91K","-0.30%"
"03.07.2020","9.960","9.980","9.980","9.900","32.22K","0.00%"
"02.07.2020","9.960","9.930","9.970","9.800","1.18M","0.30%"
"01.07.2020","9.930","9.950","9.980","9.900","93.29K","0.91%"
"30.06.2020","9.840","9.980","9.980","9.840","29.98K","-0.91%"
"29.06.2020","9.930","9.980","9.980","9.900","11.16K","-0.50%"
"26.06.2020","9.980","9.980","9.980","9.900","81.81K","0.00%"
"25.06.2020","9.980","10.000","10.000","9.900","62.30K","0.20%"
"24.06.2020","9.960","10.000","10.000","9.800","115.52K","1.01%"
"23.06.2020","9.860","10.100","10.100","9.800","349.07K","-1.89%"
"22.06.2020","10.050","9.750","10.220","9.750","221.69K","1.11%"
"19.06.2020","9.940","10.100","10.100","9.930","411.07K","-1.39%"
"18.06.2020","10.080","10.090","10.220","10.050","256.21K","-0.10%"
"17.06.2020","10.090","10.250","10.250","10.050","112.15K","-1.08%"
"16.06.2020","10.200","10.200","10.350","10.150","453.05K","0.39%"
"15.06.2020","10.160","10.100","10.170","10.050","44.53K","-0.20%"
"12.06.2020","10.180","10.100","10.180","10.000","44.13K","0.89%"
"11.06.2020","10.090","10.090","10.100","9.800","144.98K","-0.10%"
"10.06.2020","10.100","10.110","10.250","9.910","265.70K","-0.20%"
"09.06.2020","10.120","10.350","10.350","10.100","407.81K","-1.75%"
"08.06.2020","10.300","10.280","10.500","10.150","80.99K","0.10%"
"05.06.2020","10.290","10.400","10.400","10.270","357.38K","-0.58%"
"04.06.2020","10.350","10.400","10.400","10.330","25.26K","0.00%"
"03.06.2020","10.350","10.400","10.400","10.300","195.28K","-0.29%"
"02.06.2020","10.380","10.400","10.400","10.300","227.35K","0.39%"
"01.06.2020","10.340","10.190","10.440","10.110","158.80K","2.48%"
"29.05.2020","10.090","10.150","10.150","10.010","13.08K","-0.30%"
"28.05.2020","10.120","10.300","10.300","10.050","58.15K","-1.27%"
"27.05.2020","10.250","10.400","10.450","10.200","33.37K","-1.44%"
"26.05.2020","10.400","10.600","10.600","10.320","51.99K","-1.23%"
"25.05.2020","10.530","10.400","10.860","10.400","9.86K","2.23%"
"22.05.2020","10.300","10.210","10.790","10.210","17.24K","1.78%"
"21.05.2020","10.120","10.210","10.220","10.000","35.79K","-0.20%"
"20.05.2020","10.140","10.220","10.280","10.050","24.22K","-0.29%"
"19.05.2020","10.170","10.000","10.190","9.850","494.01K","1.70%"
"18.05.2020","10.000","9.990","10.320","9.900","56.40K","0.10%"
"15.05.2020","9.990","9.990","10.020","9.980","32.27K","0.00%"
"14.05.2020","9.990","9.990","10.020","9.950","15.00K","0.00%"
"13.05.2020","9.990","9.800","10.020","9.800","23.30K","1.94%"
"12.05.2020","9.800","9.800","9.800","9.780","34.32K","0.00%"
"11.05.2020","9.800","9.990","10.190","9.750","47.57K","0.00%"
"08.05.2020","9.800","9.650","9.890","9.650","40.00K","1.87%"
"07.05.2020","9.620","9.620","9.950","9.550","47.25K","1.05%"
"06.05.2020","9.520","9.700","9.820","9.500","73.08K","-1.55%"
"05.05.2020","9.670","9.600","9.850","9.600","36.78K","1.36%"
"04.05.2020","9.540","9.700","9.740","9.400","61.12K","-0.10%"
"30.04.2020","9.550","9.550","9.740","9.500","64.84K","-1.44%"
"29.04.2020","9.690","9.710","9.750","9.500","63.71K","0.41%"
"28.04.2020","9.650","9.360","9.750","9.350","116.82K","4.18%"
"27.04.2020","9.263","8.569","9.412","8.569","95.33K","8.09%"
"24.04.2020","8.569","8.460","8.569","8.460","469.76K","0.58%"
"23.04.2020","8.520","8.233","8.520","8.143","210.47K","4.50%"
"22.04.2020","8.153","8.223","8.411","8.005","675.98K","-1.44%"
"21.04.2020","8.272","8.688","8.768","8.223","33.73K","-4.79%"
"20.04.2020","8.688","8.807","8.807","8.619","34.24K","-0.34%"
"17.04.2020","8.718","8.520","8.718","8.391","142.72K","2.33%"
"16.04.2020","8.520","8.669","8.669","8.520","6.89K","-1.04%"
"15.04.2020","8.609","8.718","8.718","8.520","35.96K","-1.25%"
"14.04.2020","8.718","8.916","8.916","8.718","52.69K","-1.68%"
"13.04.2020","8.867","8.589","8.916","8.569","71.41K","4.07%"
"08.04.2020","8.520","8.441","8.847","8.421","265.69K","1.78%"
"07.04.2020","8.371","8.391","8.540","8.371","190.51K","-0.24%"
"06.04.2020","8.391","8.322","8.669","8.322","118.25K","0.83%"
"03.04.2020","8.322","8.431","8.609","8.322","139.03K","-0.59%"
"02.04.2020","8.371","8.470","8.688","8.322","201.34K","-0.59%"
"01.04.2020","8.421","8.817","8.817","8.421","459.32K","-2.30%"
"31.03.2020","8.619","8.827","8.896","8.619","73.50K","-2.58%"
"30.03.2020","8.847","9.263","9.263","8.391","690.65K","-4.87%"
"27.03.2020","9.300","9.240","9.900","9.240","748.49K","-1.27%"
"26.03.2020","9.420","10.210","10.250","9.200","899.41K","-7.28%"
"25.03.2020","10.160","10.490","10.490","10.000","635.23K","-3.15%"
"24.03.2020","10.490","10.560","10.740","10.450","790.14K","-0.10%"
"23.03.2020","10.500","10.800","10.800","10.500","78.72K","-6.75%"
"20.03.2020","11.260","11.440","11.440","11.250","100.61K","-1.57%"
"19.03.2020","11.440","11.400","11.710","11.350","198.76K","0.35%"
"18.03.2020","11.400","11.630","11.650","11.290","295.96K","-1.72%"
"17.03.2020","11.600","11.350","11.700","11.340","461.64K","-0.85%"
"13.03.2020","11.700","11.410","11.750","11.410","202.71K","0.43%"
"12.03.2020","11.650","11.550","11.730","11.360","109.32K","-0.43%"
"11.03.2020","11.700","11.790","11.950","11.650","92.71K","-0.93%"
"10.03.2020","11.810","11.650","11.850","11.640","18.47K","1.37%"
"09.03.2020","11.650","11.870","11.870","11.610","213.73K","-2.27%"
"06.03.2020","11.920","12.000","12.000","11.850","175.36K","0.42%"
"05.03.2020","11.870","12.050","12.050","11.840","1.90M","-1.08%"
"04.03.2020","12.000","11.920","12.040","11.920","32.98K","0.33%"
"03.03.2020","11.960","12.050","12.050","11.960","8.49M","-0.33%"
"02.03.2020","12.000","11.970","12.050","11.860","136.88K","0.42%"
"28.02.2020","11.950","11.800","11.970","11.540","456.52K","0.50%"
"27.02.2020","11.890","11.930","11.940","11.810","116.33K","-0.34%"
"26.02.2020","11.930","11.850","11.930","11.810","204.12K","0.76%"
"25.02.2020","11.840","11.920","11.920","11.800","55.25K","-0.08%"
"24.02.2020","11.850","11.900","11.900","11.850","9.18K","-0.67%"
"21.02.2020","11.930","11.990","11.990","11.930","14.80K","-0.51%"
"20.02.2020","11.991","11.841","11.991","11.841","196.71K","1.35%"
"19.02.2020","11.831","11.951","11.951","11.811","84.25K","-0.92%"
"18.02.2020","11.941","11.991","11.991","11.891","25.55K","-0.17%"
"17.02.2020","11.961","11.991","11.991","11.731","44.84K","-0.08%"
"14.02.2020","11.971","11.981","11.981","11.911","49.95K","0.34%"
"13.02.2020","11.931","12.021","12.021","11.791","156.90K","-0.42%"
"12.02.2020","11.981","12.041","12.041","11.941","3.02M","-0.50%"
"11.02.2020","12.041","11.961","12.041","11.891","690.07K","1.26%"
"10.02.2020","11.891","11.961","11.961","11.881","233.43K","-0.08%"
"07.02.2020","11.900","11.970","11.970","11.890","105.19K","-0.42%"
"06.02.2020","11.950","11.990","11.990","11.930","24.85K","-0.17%"
"05.02.2020","11.970","12.000","12.000","11.950","41.82K","-0.08%"
"04.02.2020","11.980","12.050","12.050","11.950","160.39K","-0.17%"
"31.01.2020","12.000","12.100","12.100","12.000","43.05K","-0.74%"
"30.01.2020","12.090","12.000","12.100","11.910","1.51M","1.00%"
"29.01.2020","11.970","11.980","11.980","11.950","95.46K","0.00%"
"28.01.2020","11.970","12.050","12.050","11.970","19.40K","-0.25%"
"27.01.2020","12.000","12.050","12.050","11.940","4.52K","-0.41%"
"24.01.2020","12.050","12.050","12.050","12.000","88.34K","0.08%"
"23.01.2020","12.040","12.030","12.050","12.000","206.52K","0.08%"
"22.01.2020","12.030","11.890","12.050","11.880","316.43K","1.18%"
"21.01.2020","11.890","11.980","12.000","11.880","92.03K","-0.75%"
"20.01.2020","11.980","11.910","12.000","11.910","223.77K","-0.17%"
"17.01.2020","12.000","12.000","12.000","11.900","242.83K","0.42%"
"16.01.2020","11.950","11.940","12.000","11.940","62.86K","0.08%"
"15.01.2020","11.940","11.930","11.990","11.880","166.28K","0.08%"
"14.01.2020","11.930","12.010","12.010","11.930","56.60K","-0.42%"
"13.01.2020","11.980","12.000","12.000","11.850","260.65K","0.00%"
"10.01.2020","11.980","11.980","12.000","11.950","241.64K","0.08%"
"09.01.2020","11.970","11.990","12.000","11.960","247.69K","0.17%"
"08.01.2020","11.950","11.960","11.990","11.880","433.65K","0.42%"
"07.01.2020","11.900","11.900","11.990","11.790","465.12K","0.00%"
"06.01.2020","11.900","12.000","12.000","11.840","103.12K","-0.75%"
"03.01.2020","11.990","12.040","12.050","11.890","98.93K","-0.83%"
"02.01.2020","12.090","12.050","12.100","11.990","152.29K","0.33%"